OrderId,OrderDate,SKU,ProductName,Category,Quantity,UnitPrice,Discount,FinalUnitPrice,LineTotal,Status,Region
ORD-0001,2025-03-23,SKU009,Kids' School Polo 2-Pack,Childrenswear,2,12.0,0,12.0,24.0,Delivered,Yorkshire
ORD-0002,2025-03-28,SKU018,Kids' Wellies,Footwear,1,20.0,0,20.0,20.0,Dispatched,Norwich
ORD-0002,2025-03-28,SKU003,Kids' Puffer Jacket,Childrenswear,1,28.0,0,28.0,28.0,Dispatched,Norwich
ORD-0003,2025-01-30,SKU001,Men's Slim Fit Jeans,Menswear,4,32.0,0,32.0,128.0,Cancelled,Yorkshire
ORD-0003,2025-01-30,SKU018,Kids' Wellies,Footwear,4,20.0,0,20.0,80.0,Cancelled,Yorkshire
ORD-0004,2025-01-01,SKU006,Velvet Cushion Cover,Home,2,14.0,0,14.0,28.0,Delivered,Edinburgh
ORD-0004,2025-01-01,SKU014,Cotton Bedding Set Double,Home,3,35.0,0,35.0,105.0,Delivered,Edinburgh
ORD-0005,2025-01-12,SKU012,Men's Wool Coat,Menswear,3,89.0,0,89.0,267.0,Returned,Edinburgh
ORD-0006,2025-02-28,SKU013,Baby Sleepsuit 3-Pack,Childrenswear,3,16.0,0,16.0,48.0,Delivered,Liverpool
ORD-0006,2025-02-28,SKU003,Kids' Puffer Jacket,Childrenswear,1,28.0,0,28.0,28.0,Delivered,Liverpool
ORD-0007,2025-03-26,SKU010,Scented Candle Set,Home,1,18.0,0.15,15.3,15.3,Delivered,London
ORD-0008,2025-02-05,SKU012,Men's Wool Coat,Menswear,3,89.0,0,89.0,267.0,Delivered,Manchester
ORD-0009,2025-03-27,SKU003,Kids' Puffer Jacket,Childrenswear,2,28.0,0.25,21.0,42.0,Cancelled,Norwich
ORD-0010,2025-02-01,SKU013,Baby Sleepsuit 3-Pack,Childrenswear,2,16.0,0.1,14.4,28.8,Cancelled,Bristol
ORD-0011,2025-01-08,SKU002,Women's Floral Dress,Womenswear,3,45.0,0,45.0,135.0,Dispatched,Edinburgh
ORD-0012,2025-01-28,SKU019,Faux Fur Throw,Home,4,42.0,0,42.0,168.0,Dispatched,Newcastle
ORD-0012,2025-01-28,SKU011,Women's Running Trainers,Footwear,3,52.0,0,52.0,156.0,Dispatched,Newcastle
ORD-0012,2025-01-28,SKU007,Men's Chino Trousers,Menswear,2,30.0,0.25,22.5,45.0,Dispatched,Newcastle
ORD-0013,2025-03-10,SKU019,Faux Fur Throw,Home,4,42.0,0.1,37.8,151.2,Returned,Cardiff
ORD-0014,2025-01-29,SKU005,Women's Ankle Boots,Footwear,2,58.0,0,58.0,116.0,Delivered,West Midlands
ORD-0014,2025-01-29,SKU017,Women's Wide Leg Trousers,Womenswear,4,34.0,0,34.0,136.0,Delivered,West Midlands
ORD-0014,2025-01-29,SKU016,Men's Graphic Tee,Menswear,4,15.0,0.15,12.75,51.0,Delivered,West Midlands
ORD-0014,2025-01-29,SKU003,Kids' Puffer Jacket,Childrenswear,4,28.0,0.25,21.0,84.0,Delivered,West Midlands
ORD-0015,2025-02-02,SKU001,Men's Slim Fit Jeans,Menswear,3,32.0,0.15,27.2,81.6,Delivered,Edinburgh
ORD-0015,2025-02-02,SKU004,Men's Oxford Shirt,Menswear,2,26.0,0.2,20.8,41.6,Delivered,Edinburgh
ORD-0015,2025-02-02,SKU018,Kids' Wellies,Footwear,1,20.0,0,20.0,20.0,Delivered,Edinburgh
ORD-0015,2025-02-02,SKU009,Kids' School Polo 2-Pack,Childrenswear,2,12.0,0.25,9.0,18.0,Delivered,Edinburgh
ORD-0016,2025-01-14,SKU010,Scented Candle Set,Home,2,18.0,0.25,13.5,27.0,Delivered,Manchester
ORD-0016,2025-01-14,SKU017,Women's Wide Leg Trousers,Womenswear,1,34.0,0.1,30.6,30.6,Delivered,Manchester
ORD-0016,2025-01-14,SKU007,Men's Chino Trousers,Menswear,4,30.0,0,30.0,120.0,Delivered,Manchester
ORD-0017,2025-01-15,SKU010,Scented Candle Set,Home,1,18.0,0,18.0,18.0,Returned,Yorkshire
ORD-0017,2025-01-15,SKU008,Women's Knit Jumper,Womenswear,4,38.0,0,38.0,152.0,Returned,Yorkshire
ORD-0017,2025-01-15,SKU002,Women's Floral Dress,Womenswear,2,45.0,0,45.0,90.0,Returned,Yorkshire
ORD-0018,2025-03-26,SKU018,Kids' Wellies,Footwear,4,20.0,0,20.0,80.0,Delivered,Manchester
ORD-0019,2025-03-11,SKU007,Men's Chino Trousers,Menswear,3,30.0,0.2,24.0,72.0,Cancelled,Cardiff
ORD-0019,2025-03-11,SKU010,Scented Candle Set,Home,4,18.0,0,18.0,72.0,Cancelled,Cardiff
ORD-0020,2025-02-01,SKU011,Women's Running Trainers,Footwear,2,52.0,0,52.0,104.0,Returned,West Midlands
ORD-0021,2025-01-01,SKU002,Women's Floral Dress,Womenswear,1,45.0,0.1,40.5,40.5,Delivered,Yorkshire
ORD-0022,2025-01-10,SKU009,Kids' School Polo 2-Pack,Childrenswear,2,12.0,0.2,9.6,19.2,Processing,Yorkshire
ORD-0022,2025-01-10,SKU016,Men's Graphic Tee,Menswear,2,15.0,0.2,12.0,24.0,Processing,Yorkshire
ORD-0023,2025-02-22,SKU004,Men's Oxford Shirt,Menswear,4,26.0,0.15,22.1,88.4,Delivered,Cardiff
ORD-0024,2025-03-01,SKU002,Women's Floral Dress,Womenswear,1,45.0,0,45.0,45.0,Delivered,Cardiff
ORD-0024,2025-03-01,SKU004,Men's Oxford Shirt,Menswear,2,26.0,0,26.0,52.0,Delivered,Cardiff
ORD-0024,2025-03-01,SKU020,Men's Belt,Accessories,4,22.0,0,22.0,88.0,Delivered,Cardiff
ORD-0025,2025-02-24,SKU015,Women's Leather Bag,Accessories,4,65.0,0.25,48.75,195.0,Delivered,Yorkshire
ORD-0026,2025-01-13,SKU018,Kids' Wellies,Footwear,2,20.0,0,20.0,40.0,Delivered,West Midlands
ORD-0027,2025-02-22,SKU007,Men's Chino Trousers,Menswear,2,30.0,0.15,25.5,51.0,Delivered,Cardiff
ORD-0028,2025-01-01,SKU009,Kids' School Polo 2-Pack,Childrenswear,4,12.0,0,12.0,48.0,Cancelled,Liverpool
ORD-0028,2025-01-01,SKU015,Women's Leather Bag,Accessories,2,65.0,0,65.0,130.0,Cancelled,Liverpool
ORD-0028,2025-01-01,SKU010,Scented Candle Set,Home,2,18.0,0,18.0,36.0,Cancelled,Liverpool
ORD-0028,2025-01-01,SKU014,Cotton Bedding Set Double,Home,1,35.0,0.1,31.5,31.5,Cancelled,Liverpool
ORD-0029,2025-01-08,SKU016,Men's Graphic Tee,Menswear,2,15.0,0,15.0,30.0,Processing,Liverpool
ORD-0030,2025-03-07,SKU006,Velvet Cushion Cover,Home,1,14.0,0,14.0,14.0,Returned,London
ORD-0031,2025-02-21,SKU019,Faux Fur Throw,Home,1,42.0,0,42.0,42.0,Returned,Yorkshire
ORD-0032,2025-02-23,SKU019,Faux Fur Throw,Home,2,42.0,0.1,37.8,75.6,Delivered,Edinburgh
ORD-0032,2025-02-23,SKU017,Women's Wide Leg Trousers,Womenswear,2,34.0,0,34.0,68.0,Delivered,Edinburgh
ORD-0033,2025-02-20,SKU010,Scented Candle Set,Home,1,18.0,0,18.0,18.0,Delivered,Newcastle
ORD-0034,2025-02-28,SKU019,Faux Fur Throw,Home,2,42.0,0.25,31.5,63.0,Processing,London
ORD-0034,2025-02-28,SKU004,Men's Oxford Shirt,Menswear,3,26.0,0,26.0,78.0,Processing,London
ORD-0035,2025-02-14,SKU008,Women's Knit Jumper,Womenswear,3,38.0,0.25,28.5,85.5,Dispatched,Manchester
ORD-0035,2025-02-14,SKU012,Men's Wool Coat,Menswear,1,89.0,0.25,66.75,66.75,Dispatched,Manchester
ORD-0035,2025-02-14,SKU010,Scented Candle Set,Home,3,18.0,0,18.0,54.0,Dispatched,Manchester
ORD-0036,2025-01-18,SKU004,Men's Oxford Shirt,Menswear,3,26.0,0,26.0,78.0,Delivered,Liverpool
ORD-0037,2025-03-19,SKU011,Women's Running Trainers,Footwear,3,52.0,0.25,39.0,117.0,Cancelled,Yorkshire
ORD-0038,2025-03-04,SKU002,Women's Floral Dress,Womenswear,4,45.0,0,45.0,180.0,Cancelled,London
ORD-0039,2025-01-06,SKU005,Women's Ankle Boots,Footwear,4,58.0,0.25,43.5,174.0,Delivered,Bristol
ORD-0040,2025-02-24,SKU004,Men's Oxford Shirt,Menswear,1,26.0,0.1,23.4,23.4,Processing,Manchester
ORD-0040,2025-02-24,SKU003,Kids' Puffer Jacket,Childrenswear,2,28.0,0.15,23.8,47.6,Processing,Manchester
ORD-0041,2025-01-17,SKU012,Men's Wool Coat,Menswear,2,89.0,0,89.0,178.0,Delivered,West Midlands
ORD-0042,2025-03-27,SKU018,Kids' Wellies,Footwear,2,20.0,0,20.0,40.0,Returned,Cardiff
ORD-0043,2025-01-21,SKU006,Velvet Cushion Cover,Home,2,14.0,0,14.0,28.0,Dispatched,Edinburgh
ORD-0043,2025-01-21,SKU014,Cotton Bedding Set Double,Home,2,35.0,0,35.0,70.0,Dispatched,Edinburgh
ORD-0043,2025-01-21,SKU001,Men's Slim Fit Jeans,Menswear,4,32.0,0,32.0,128.0,Dispatched,Edinburgh
ORD-0043,2025-01-21,SKU020,Men's Belt,Accessories,4,22.0,0,22.0,88.0,Dispatched,Edinburgh
ORD-0044,2025-01-26,SKU015,Women's Leather Bag,Accessories,1,65.0,0,65.0,65.0,Delivered,Yorkshire
ORD-0044,2025-01-26,SKU012,Men's Wool Coat,Menswear,4,89.0,0.1,80.1,320.4,Delivered,Yorkshire
ORD-0044,2025-01-26,SKU010,Scented Candle Set,Home,3,18.0,0,18.0,54.0,Delivered,Yorkshire
ORD-0045,2025-02-05,SKU017,Women's Wide Leg Trousers,Womenswear,3,34.0,0,34.0,102.0,Cancelled,Cardiff
ORD-0046,2025-01-15,SKU009,Kids' School Polo 2-Pack,Childrenswear,4,12.0,0.1,10.8,43.2,Delivered,West Midlands
ORD-0046,2025-01-15,SKU006,Velvet Cushion Cover,Home,3,14.0,0.15,11.9,35.7,Delivered,West Midlands
ORD-0046,2025-01-15,SKU020,Men's Belt,Accessories,1,22.0,0.15,18.7,18.7,Delivered,West Midlands
ORD-0047,2025-03-15,SKU002,Women's Floral Dress,Womenswear,2,45.0,0.1,40.5,81.0,Delivered,Cardiff
ORD-0048,2025-02-25,SKU011,Women's Running Trainers,Footwear,1,52.0,0,52.0,52.0,Delivered,Norwich
ORD-0049,2025-03-06,SKU014,Cotton Bedding Set Double,Home,3,35.0,0.25,26.25,78.75,Dispatched,Edinburgh
ORD-0050,2025-01-17,SKU013,Baby Sleepsuit 3-Pack,Childrenswear,3,16.0,0.15,13.6,40.8,Returned,Manchester
ORD-0051,2025-03-12,SKU010,Scented Candle Set,Home,3,18.0,0.2,14.4,43.2,Returned,Cardiff
ORD-0051,2025-03-12,SKU020,Men's Belt,Accessories,4,22.0,0.2,17.6,70.4,Returned,Cardiff
ORD-0051,2025-03-12,SKU007,Men's Chino Trousers,Menswear,2,30.0,0.25,22.5,45.0,Returned,Cardiff
ORD-0052,2025-03-02,SKU006,Velvet Cushion Cover,Home,3,14.0,0,14.0,42.0,Processing,Bristol
ORD-0052,2025-03-02,SKU003,Kids' Puffer Jacket,Childrenswear,2,28.0,0,28.0,56.0,Processing,Bristol
ORD-0053,2025-01-29,SKU005,Women's Ankle Boots,Footwear,1,58.0,0.2,46.4,46.4,Dispatched,Yorkshire
ORD-0053,2025-01-29,SKU001,Men's Slim Fit Jeans,Menswear,4,32.0,0,32.0,128.0,Dispatched,Yorkshire
ORD-0053,2025-01-29,SKU002,Women's Floral Dress,Womenswear,4,45.0,0.2,36.0,144.0,Dispatched,Yorkshire
ORD-0054,2025-02-21,SKU001,Men's Slim Fit Jeans,Menswear,2,32.0,0,32.0,64.0,Dispatched,London
ORD-0055,2025-03-31,SKU002,Women's Floral Dress,Womenswear,4,45.0,0,45.0,180.0,Delivered,Yorkshire
ORD-0055,2025-03-31,SKU018,Kids' Wellies,Footwear,4,20.0,0.25,15.0,60.0,Delivered,Yorkshire
ORD-0056,2025-03-13,SKU015,Women's Leather Bag,Accessories,4,65.0,0,65.0,260.0,Processing,Cardiff
ORD-0056,2025-03-13,SKU017,Women's Wide Leg Trousers,Womenswear,4,34.0,0.2,27.2,108.8,Processing,Cardiff
ORD-0057,2025-02-03,SKU009,Kids' School Polo 2-Pack,Childrenswear,2,12.0,0,12.0,24.0,Cancelled,Newcastle
ORD-0057,2025-02-03,SKU017,Women's Wide Leg Trousers,Womenswear,4,34.0,0,34.0,136.0,Cancelled,Newcastle
ORD-0058,2025-02-06,SKU011,Women's Running Trainers,Footwear,1,52.0,0,52.0,52.0,Processing,Edinburgh
ORD-0059,2025-01-20,SKU005,Women's Ankle Boots,Footwear,4,58.0,0.15,49.3,197.2,Delivered,Yorkshire
ORD-0060,2025-02-12,SKU014,Cotton Bedding Set Double,Home,4,35.0,0,35.0,140.0,Dispatched,Yorkshire
ORD-0060,2025-02-12,SKU002,Women's Floral Dress,Womenswear,4,45.0,0.2,36.0,144.0,Dispatched,Yorkshire
ORD-0061,2025-01-01,SKU010,Scented Candle Set,Home,2,18.0,0.2,14.4,28.8,Processing,Liverpool
ORD-0061,2025-01-01,SKU013,Baby Sleepsuit 3-Pack,Childrenswear,2,16.0,0,16.0,32.0,Processing,Liverpool
ORD-0061,2025-01-01,SKU014,Cotton Bedding Set Double,Home,4,35.0,0.2,28.0,112.0,Processing,Liverpool
ORD-0062,2025-01-04,SKU013,Baby Sleepsuit 3-Pack,Childrenswear,2,16.0,0.25,12.0,24.0,Dispatched,Manchester
ORD-0063,2025-01-04,SKU019,Faux Fur Throw,Home,4,42.0,0,42.0,168.0,Cancelled,London
ORD-0063,2025-01-04,SKU020,Men's Belt,Accessories,4,22.0,0,22.0,88.0,Cancelled,London
ORD-0063,2025-01-04,SKU001,Men's Slim Fit Jeans,Menswear,1,32.0,0,32.0,32.0,Cancelled,London
ORD-0064,2025-02-18,SKU015,Women's Leather Bag,Accessories,4,65.0,0,65.0,260.0,Delivered,Edinburgh
ORD-0065,2025-02-23,SKU003,Kids' Puffer Jacket,Childrenswear,1,28.0,0.1,25.2,25.2,Delivered,Newcastle
ORD-0066,2025-01-29,SKU002,Women's Floral Dress,Womenswear,1,45.0,0,45.0,45.0,Delivered,Yorkshire
ORD-0066,2025-01-29,SKU001,Men's Slim Fit Jeans,Menswear,2,32.0,0,32.0,64.0,Delivered,Yorkshire
ORD-0067,2025-03-02,SKU019,Faux Fur Throw,Home,3,42.0,0,42.0,126.0,Delivered,Newcastle
ORD-0067,2025-03-02,SKU007,Men's Chino Trousers,Menswear,1,30.0,0,30.0,30.0,Delivered,Newcastle
ORD-0068,2025-02-09,SKU001,Men's Slim Fit Jeans,Menswear,4,32.0,0.15,27.2,108.8,Returned,Bristol
ORD-0069,2025-01-26,SKU008,Women's Knit Jumper,Womenswear,1,38.0,0,38.0,38.0,Delivered,London
ORD-0070,2025-02-14,SKU012,Men's Wool Coat,Menswear,3,89.0,0,89.0,267.0,Cancelled,Liverpool
ORD-0070,2025-02-14,SKU003,Kids' Puffer Jacket,Childrenswear,4,28.0,0.2,22.4,89.6,Cancelled,Liverpool
ORD-0071,2025-01-14,SKU012,Men's Wool Coat,Menswear,4,89.0,0,89.0,356.0,Delivered,Newcastle
ORD-0072,2025-03-08,SKU009,Kids' School Polo 2-Pack,Childrenswear,3,12.0,0.1,10.8,32.4,Returned,Cardiff
ORD-0072,2025-03-08,SKU018,Kids' Wellies,Footwear,2,20.0,0,20.0,40.0,Returned,Cardiff
ORD-0072,2025-03-08,SKU016,Men's Graphic Tee,Menswear,3,15.0,0.2,12.0,36.0,Returned,Cardiff
ORD-0072,2025-03-08,SKU015,Women's Leather Bag,Accessories,2,65.0,0.2,52.0,104.0,Returned,Cardiff
ORD-0073,2025-03-14,SKU013,Baby Sleepsuit 3-Pack,Childrenswear,3,16.0,0,16.0,48.0,Dispatched,West Midlands
ORD-0073,2025-03-14,SKU011,Women's Running Trainers,Footwear,4,52.0,0,52.0,208.0,Dispatched,West Midlands
ORD-0074,2025-02-15,SKU011,Women's Running Trainers,Footwear,1,52.0,0.25,39.0,39.0,Delivered,Norwich
ORD-0074,2025-02-15,SKU009,Kids' School Polo 2-Pack,Childrenswear,2,12.0,0,12.0,24.0,Delivered,Norwich
ORD-0075,2025-01-31,SKU016,Men's Graphic Tee,Menswear,4,15.0,0.2,12.0,48.0,Dispatched,Yorkshire
ORD-0075,2025-01-31,SKU018,Kids' Wellies,Footwear,1,20.0,0,20.0,20.0,Dispatched,Yorkshire
ORD-0076,2025-02-07,SKU008,Women's Knit Jumper,Womenswear,3,38.0,0.2,30.4,91.2,Cancelled,Bristol
ORD-0077,2025-03-12,SKU014,Cotton Bedding Set Double,Home,4,35.0,0,35.0,140.0,Delivered,Edinburgh
ORD-0077,2025-03-12,SKU018,Kids' Wellies,Footwear,3,20.0,0,20.0,60.0,Delivered,Edinburgh
ORD-0078,2025-01-30,SKU007,Men's Chino Trousers,Menswear,2,30.0,0,30.0,60.0,Delivered,Edinburgh
ORD-0079,2025-01-28,SKU009,Kids' School Polo 2-Pack,Childrenswear,3,12.0,0,12.0,36.0,Returned,Liverpool
ORD-0079,2025-01-28,SKU019,Faux Fur Throw,Home,2,42.0,0,42.0,84.0,Returned,Liverpool
ORD-0080,2025-01-30,SKU010,Scented Candle Set,Home,2,18.0,0,18.0,36.0,Processing,West Midlands
ORD-0081,2025-01-06,SKU018,Kids' Wellies,Footwear,3,20.0,0.2,16.0,48.0,Delivered,London
ORD-0081,2025-01-06,SKU010,Scented Candle Set,Home,4,18.0,0.2,14.4,57.6,Delivered,London
ORD-0081,2025-01-06,SKU005,Women's Ankle Boots,Footwear,3,58.0,0,58.0,174.0,Delivered,London
ORD-0081,2025-01-06,SKU016,Men's Graphic Tee,Menswear,1,15.0,0,15.0,15.0,Delivered,London
ORD-0082,2025-03-03,SKU003,Kids' Puffer Jacket,Childrenswear,1,28.0,0,28.0,28.0,Dispatched,Cardiff
ORD-0083,2025-01-20,SKU019,Faux Fur Throw,Home,2,42.0,0,42.0,84.0,Delivered,Bristol
ORD-0084,2025-03-13,SKU020,Men's Belt,Accessories,4,22.0,0.2,17.6,70.4,Dispatched,Liverpool
ORD-0084,2025-03-13,SKU008,Women's Knit Jumper,Womenswear,3,38.0,0.15,32.3,96.9,Dispatched,Liverpool
ORD-0085,2025-02-09,SKU002,Women's Floral Dress,Womenswear,2,45.0,0,45.0,90.0,Cancelled,Yorkshire
ORD-0085,2025-02-09,SKU004,Men's Oxford Shirt,Menswear,1,26.0,0,26.0,26.0,Cancelled,Yorkshire
ORD-0086,2025-01-31,SKU003,Kids' Puffer Jacket,Childrenswear,4,28.0,0.2,22.4,89.6,Delivered,Manchester
ORD-0087,2025-03-30,SKU010,Scented Candle Set,Home,3,18.0,0.2,14.4,43.2,Delivered,Yorkshire
ORD-0087,2025-03-30,SKU002,Women's Floral Dress,Womenswear,1,45.0,0,45.0,45.0,Delivered,Yorkshire
ORD-0088,2025-02-03,SKU019,Faux Fur Throw,Home,2,42.0,0,42.0,84.0,Delivered,Cardiff
ORD-0088,2025-02-03,SKU007,Men's Chino Trousers,Menswear,3,30.0,0,30.0,90.0,Delivered,Cardiff
ORD-0089,2025-01-10,SKU010,Scented Candle Set,Home,3,18.0,0.2,14.4,43.2,Returned,Norwich
ORD-0090,2025-01-16,SKU010,Scented Candle Set,Home,4,18.0,0.2,14.4,57.6,Delivered,Cardiff
ORD-0091,2025-01-11,SKU014,Cotton Bedding Set Double,Home,1,35.0,0,35.0,35.0,Delivered,Norwich
ORD-0091,2025-01-11,SKU011,Women's Running Trainers,Footwear,2,52.0,0,52.0,104.0,Delivered,Norwich
ORD-0092,2025-03-28,SKU019,Faux Fur Throw,Home,4,42.0,0,42.0,168.0,Processing,Newcastle
ORD-0092,2025-03-28,SKU002,Women's Floral Dress,Womenswear,2,45.0,0.15,38.25,76.5,Processing,Newcastle
ORD-0092,2025-03-28,SKU006,Velvet Cushion Cover,Home,4,14.0,0,14.0,56.0,Processing,Newcastle
ORD-0093,2025-03-02,SKU011,Women's Running Trainers,Footwear,1,52.0,0,52.0,52.0,Cancelled,Edinburgh
ORD-0094,2025-02-12,SKU016,Men's Graphic Tee,Menswear,4,15.0,0.25,11.25,45.0,Cancelled,Bristol
ORD-0095,2025-01-05,SKU011,Women's Running Trainers,Footwear,1,52.0,0.15,44.2,44.2,Delivered,Bristol
ORD-0096,2025-03-07,SKU001,Men's Slim Fit Jeans,Menswear,2,32.0,0.25,24.0,48.0,Delivered,Cardiff
ORD-0096,2025-03-07,SKU018,Kids' Wellies,Footwear,3,20.0,0.2,16.0,48.0,Delivered,Cardiff
ORD-0096,2025-03-07,SKU015,Women's Leather Bag,Accessories,4,65.0,0,65.0,260.0,Delivered,Cardiff
ORD-0097,2025-01-27,SKU005,Women's Ankle Boots,Footwear,4,58.0,0,58.0,232.0,Dispatched,Bristol
ORD-0098,2025-01-04,SKU020,Men's Belt,Accessories,4,22.0,0,22.0,88.0,Delivered,Liverpool
ORD-0098,2025-01-04,SKU008,Women's Knit Jumper,Womenswear,2,38.0,0,38.0,76.0,Delivered,Liverpool
ORD-0098,2025-01-04,SKU006,Velvet Cushion Cover,Home,4,14.0,0,14.0,56.0,Delivered,Liverpool
ORD-0098,2025-01-04,SKU010,Scented Candle Set,Home,2,18.0,0.2,14.4,28.8,Delivered,Liverpool
ORD-0099,2025-02-07,SKU009,Kids' School Polo 2-Pack,Childrenswear,2,12.0,0.2,9.6,19.2,Dispatched,Newcastle
ORD-0099,2025-02-07,SKU014,Cotton Bedding Set Double,Home,2,35.0,0.15,29.75,59.5,Dispatched,Newcastle
ORD-0100,2025-01-25,SKU017,Women's Wide Leg Trousers,Womenswear,3,34.0,0.25,25.5,76.5,Dispatched,Bristol
ORD-0100,2025-01-25,SKU005,Women's Ankle Boots,Footwear,3,58.0,0,58.0,174.0,Dispatched,Bristol
ORD-0100,2025-01-25,SKU003,Kids' Puffer Jacket,Childrenswear,3,28.0,0,28.0,84.0,Dispatched,Bristol
ORD-0101,2025-03-17,SKU016,Men's Graphic Tee,Menswear,4,15.0,0.1,13.5,54.0,Processing,Newcastle
ORD-0101,2025-03-17,SKU005,Women's Ankle Boots,Footwear,3,58.0,0.25,43.5,130.5,Processing,Newcastle
ORD-0102,2025-03-11,SKU011,Women's Running Trainers,Footwear,4,52.0,0,52.0,208.0,Delivered,Yorkshire
ORD-0103,2025-02-22,SKU016,Men's Graphic Tee,Menswear,2,15.0,0.2,12.0,24.0,Dispatched,Cardiff
ORD-0104,2025-01-05,SKU019,Faux Fur Throw,Home,4,42.0,0,42.0,168.0,Delivered,Edinburgh
ORD-0105,2025-03-09,SKU001,Men's Slim Fit Jeans,Menswear,4,32.0,0,32.0,128.0,Delivered,Manchester
ORD-0105,2025-03-09,SKU005,Women's Ankle Boots,Footwear,3,58.0,0.15,49.3,147.9,Delivered,Manchester
ORD-0105,2025-03-09,SKU014,Cotton Bedding Set Double,Home,1,35.0,0.1,31.5,31.5,Delivered,Manchester
ORD-0106,2025-03-28,SKU013,Baby Sleepsuit 3-Pack,Childrenswear,1,16.0,0,16.0,16.0,Delivered,Liverpool
ORD-0106,2025-03-28,SKU011,Women's Running Trainers,Footwear,3,52.0,0,52.0,156.0,Delivered,Liverpool
ORD-0106,2025-03-28,SKU016,Men's Graphic Tee,Menswear,1,15.0,0.15,12.75,12.75,Delivered,Liverpool
ORD-0107,2025-01-13,SKU004,Men's Oxford Shirt,Menswear,1,26.0,0,26.0,26.0,Delivered,Manchester
ORD-0107,2025-01-13,SKU015,Women's Leather Bag,Accessories,3,65.0,0,65.0,195.0,Delivered,Manchester
ORD-0108,2025-02-07,SKU014,Cotton Bedding Set Double,Home,4,35.0,0,35.0,140.0,Delivered,Manchester
ORD-0109,2025-01-22,SKU020,Men's Belt,Accessories,2,22.0,0.2,17.6,35.2,Returned,Cardiff
ORD-0110,2025-03-16,SKU015,Women's Leather Bag,Accessories,3,65.0,0,65.0,195.0,Dispatched,Bristol
ORD-0111,2025-03-01,SKU018,Kids' Wellies,Footwear,3,20.0,0.15,17.0,51.0,Delivered,Newcastle
ORD-0111,2025-03-01,SKU006,Velvet Cushion Cover,Home,3,14.0,0.2,11.2,33.6,Delivered,Newcastle
ORD-0111,2025-03-01,SKU003,Kids' Puffer Jacket,Childrenswear,3,28.0,0,28.0,84.0,Delivered,Newcastle
ORD-0112,2025-02-19,SKU004,Men's Oxford Shirt,Menswear,3,26.0,0,26.0,78.0,Delivered,Norwich
ORD-0112,2025-02-19,SKU008,Women's Knit Jumper,Womenswear,1,38.0,0.15,32.3,32.3,Delivered,Norwich
ORD-0112,2025-02-19,SKU013,Baby Sleepsuit 3-Pack,Childrenswear,3,16.0,0,16.0,48.0,Delivered,Norwich
ORD-0113,2025-03-14,SKU002,Women's Floral Dress,Womenswear,3,45.0,0,45.0,135.0,Returned,Yorkshire
ORD-0113,2025-03-14,SKU016,Men's Graphic Tee,Menswear,2,15.0,0,15.0,30.0,Returned,Yorkshire
ORD-0113,2025-03-14,SKU010,Scented Candle Set,Home,2,18.0,0,18.0,36.0,Returned,Yorkshire
ORD-0114,2025-03-22,SKU010,Scented Candle Set,Home,3,18.0,0,18.0,54.0,Returned,West Midlands
ORD-0114,2025-03-22,SKU015,Women's Leather Bag,Accessories,1,65.0,0,65.0,65.0,Returned,West Midlands
ORD-0115,2025-02-11,SKU006,Velvet Cushion Cover,Home,3,14.0,0.25,10.5,31.5,Processing,Manchester
ORD-0115,2025-02-11,SKU007,Men's Chino Trousers,Menswear,3,30.0,0,30.0,90.0,Processing,Manchester
ORD-0116,2025-02-02,SKU016,Men's Graphic Tee,Menswear,1,15.0,0,15.0,15.0,Dispatched,London
ORD-0116,2025-02-02,SKU010,Scented Candle Set,Home,2,18.0,0.15,15.3,30.6,Dispatched,London
ORD-0116,2025-02-02,SKU011,Women's Running Trainers,Footwear,3,52.0,0,52.0,156.0,Dispatched,London
ORD-0117,2025-02-20,SKU018,Kids' Wellies,Footwear,3,20.0,0,20.0,60.0,Dispatched,London
ORD-0118,2025-03-16,SKU012,Men's Wool Coat,Menswear,2,89.0,0.2,71.2,142.4,Cancelled,London
ORD-0119,2025-01-04,SKU018,Kids' Wellies,Footwear,1,20.0,0.2,16.0,16.0,Delivered,Norwich
ORD-0119,2025-01-04,SKU011,Women's Running Trainers,Footwear,3,52.0,0.15,44.2,132.6,Delivered,Norwich
ORD-0120,2025-01-15,SKU002,Women's Floral Dress,Womenswear,1,45.0,0,45.0,45.0,Dispatched,Bristol
ORD-0121,2025-01-31,SKU005,Women's Ankle Boots,Footwear,4,58.0,0,58.0,232.0,Cancelled,Edinburgh
ORD-0121,2025-01-31,SKU013,Baby Sleepsuit 3-Pack,Childrenswear,4,16.0,0,16.0,64.0,Cancelled,Edinburgh
ORD-0121,2025-01-31,SKU015,Women's Leather Bag,Accessories,4,65.0,0.15,55.25,221.0,Cancelled,Edinburgh
ORD-0122,2025-02-05,SKU012,Men's Wool Coat,Menswear,4,89.0,0,89.0,356.0,Dispatched,Yorkshire
ORD-0123,2025-02-16,SKU012,Men's Wool Coat,Menswear,3,89.0,0,89.0,267.0,Cancelled,Liverpool
ORD-0124,2025-02-20,SKU004,Men's Oxford Shirt,Menswear,2,26.0,0,26.0,52.0,Delivered,Newcastle
ORD-0125,2025-01-07,SKU008,Women's Knit Jumper,Womenswear,1,38.0,0.25,28.5,28.5,Delivered,Norwich
ORD-0125,2025-01-07,SKU005,Women's Ankle Boots,Footwear,2,58.0,0,58.0,116.0,Delivered,Norwich
ORD-0126,2025-01-30,SKU005,Women's Ankle Boots,Footwear,3,58.0,0,58.0,174.0,Delivered,Norwich
ORD-0127,2025-01-17,SKU006,Velvet Cushion Cover,Home,1,14.0,0.1,12.6,12.6,Delivered,West Midlands
ORD-0127,2025-01-17,SKU004,Men's Oxford Shirt,Menswear,2,26.0,0.1,23.4,46.8,Delivered,West Midlands
ORD-0128,2025-01-03,SKU002,Women's Floral Dress,Womenswear,1,45.0,0,45.0,45.0,Dispatched,Manchester
ORD-0129,2025-03-02,SKU012,Men's Wool Coat,Menswear,1,89.0,0.2,71.2,71.2,Returned,Liverpool
ORD-0130,2025-03-06,SKU020,Men's Belt,Accessories,3,22.0,0.2,17.6,52.8,Cancelled,West Midlands
ORD-0131,2025-03-24,SKU002,Women's Floral Dress,Womenswear,4,45.0,0,45.0,180.0,Dispatched,London
ORD-0131,2025-03-24,SKU016,Men's Graphic Tee,Menswear,1,15.0,0.1,13.5,13.5,Dispatched,London
ORD-0131,2025-03-24,SKU013,Baby Sleepsuit 3-Pack,Childrenswear,2,16.0,0,16.0,32.0,Dispatched,London
ORD-0131,2025-03-24,SKU014,Cotton Bedding Set Double,Home,2,35.0,0,35.0,70.0,Dispatched,London
ORD-0132,2025-03-21,SKU018,Kids' Wellies,Footwear,3,20.0,0.2,16.0,48.0,Returned,Cardiff
ORD-0132,2025-03-21,SKU011,Women's Running Trainers,Footwear,4,52.0,0,52.0,208.0,Returned,Cardiff
ORD-0133,2025-03-31,SKU018,Kids' Wellies,Footwear,4,20.0,0,20.0,80.0,Dispatched,Yorkshire
ORD-0134,2025-02-22,SKU015,Women's Leather Bag,Accessories,1,65.0,0.1,58.5,58.5,Dispatched,Cardiff
ORD-0135,2025-02-24,SKU009,Kids' School Polo 2-Pack,Childrenswear,4,12.0,0,12.0,48.0,Delivered,Edinburgh
ORD-0136,2025-01-12,SKU003,Kids' Puffer Jacket,Childrenswear,1,28.0,0.25,21.0,21.0,Delivered,Edinburgh
ORD-0136,2025-01-12,SKU014,Cotton Bedding Set Double,Home,3,35.0,0,35.0,105.0,Delivered,Edinburgh
ORD-0136,2025-01-12,SKU004,Men's Oxford Shirt,Menswear,4,26.0,0.1,23.4,93.6,Delivered,Edinburgh
ORD-0137,2025-03-27,SKU014,Cotton Bedding Set Double,Home,3,35.0,0,35.0,105.0,Delivered,Norwich
ORD-0137,2025-03-27,SKU002,Women's Floral Dress,Womenswear,2,45.0,0,45.0,90.0,Delivered,Norwich
ORD-0137,2025-03-27,SKU010,Scented Candle Set,Home,4,18.0,0,18.0,72.0,Delivered,Norwich
ORD-0138,2025-01-14,SKU018,Kids' Wellies,Footwear,3,20.0,0,20.0,60.0,Delivered,Edinburgh
ORD-0139,2025-02-24,SKU020,Men's Belt,Accessories,3,22.0,0,22.0,66.0,Cancelled,Norwich
ORD-0139,2025-02-24,SKU018,Kids' Wellies,Footwear,2,20.0,0,20.0,40.0,Cancelled,Norwich
ORD-0139,2025-02-24,SKU001,Men's Slim Fit Jeans,Menswear,3,32.0,0.1,28.8,86.4,Cancelled,Norwich
ORD-0140,2025-02-14,SKU005,Women's Ankle Boots,Footwear,4,58.0,0,58.0,232.0,Cancelled,Norwich
ORD-0141,2025-01-19,SKU001,Men's Slim Fit Jeans,Menswear,4,32.0,0.15,27.2,108.8,Delivered,Liverpool
ORD-0141,2025-01-19,SKU003,Kids' Puffer Jacket,Childrenswear,4,28.0,0.1,25.2,100.8,Delivered,Liverpool
ORD-0142,2025-01-21,SKU011,Women's Running Trainers,Footwear,1,52.0,0,52.0,52.0,Returned,Norwich
ORD-0143,2025-01-20,SKU020,Men's Belt,Accessories,1,22.0,0,22.0,22.0,Cancelled,West Midlands
ORD-0144,2025-02-26,SKU016,Men's Graphic Tee,Menswear,2,15.0,0.25,11.25,22.5,Delivered,Cardiff
ORD-0144,2025-02-26,SKU015,Women's Leather Bag,Accessories,1,65.0,0.1,58.5,58.5,Delivered,Cardiff
ORD-0145,2025-02-25,SKU019,Faux Fur Throw,Home,3,42.0,0,42.0,126.0,Processing,Newcastle
ORD-0146,2025-01-29,SKU020,Men's Belt,Accessories,2,22.0,0,22.0,44.0,Delivered,West Midlands
ORD-0147,2025-01-28,SKU009,Kids' School Polo 2-Pack,Childrenswear,1,12.0,0.2,9.6,9.6,Delivered,Edinburgh
ORD-0147,2025-01-28,SKU010,Scented Candle Set,Home,4,18.0,0,18.0,72.0,Delivered,Edinburgh
ORD-0148,2025-01-17,SKU008,Women's Knit Jumper,Womenswear,3,38.0,0,38.0,114.0,Processing,Liverpool
ORD-0149,2025-02-20,SKU002,Women's Floral Dress,Womenswear,3,45.0,0.15,38.25,114.75,Delivered,Newcastle
ORD-0149,2025-02-20,SKU014,Cotton Bedding Set Double,Home,4,35.0,0.15,29.75,119.0,Delivered,Newcastle
ORD-0149,2025-02-20,SKU001,Men's Slim Fit Jeans,Menswear,3,32.0,0,32.0,96.0,Delivered,Newcastle
ORD-0150,2025-02-21,SKU011,Women's Running Trainers,Footwear,4,52.0,0.1,46.8,187.2,Returned,Manchester
ORD-0151,2025-01-12,SKU004,Men's Oxford Shirt,Menswear,4,26.0,0.25,19.5,78.0,Dispatched,Yorkshire
ORD-0152,2025-01-11,SKU010,Scented Candle Set,Home,3,18.0,0,18.0,54.0,Delivered,Edinburgh
ORD-0153,2025-01-10,SKU004,Men's Oxford Shirt,Menswear,3,26.0,0.1,23.4,70.2,Delivered,Liverpool
ORD-0153,2025-01-10,SKU017,Women's Wide Leg Trousers,Womenswear,2,34.0,0,34.0,68.0,Delivered,Liverpool
ORD-0154,2025-01-14,SKU007,Men's Chino Trousers,Menswear,2,30.0,0,30.0,60.0,Returned,Manchester
ORD-0155,2025-01-23,SKU016,Men's Graphic Tee,Menswear,4,15.0,0,15.0,60.0,Delivered,Edinburgh
ORD-0155,2025-01-23,SKU015,Women's Leather Bag,Accessories,4,65.0,0.2,52.0,208.0,Delivered,Edinburgh
ORD-0155,2025-01-23,SKU019,Faux Fur Throw,Home,3,42.0,0,42.0,126.0,Delivered,Edinburgh
ORD-0155,2025-01-23,SKU011,Women's Running Trainers,Footwear,1,52.0,0.1,46.8,46.8,Delivered,Edinburgh
ORD-0156,2025-03-06,SKU015,Women's Leather Bag,Accessories,1,65.0,0.1,58.5,58.5,Delivered,Newcastle
ORD-0157,2025-02-06,SKU003,Kids' Puffer Jacket,Childrenswear,4,28.0,0.2,22.4,89.6,Returned,Norwich
ORD-0158,2025-03-16,SKU002,Women's Floral Dress,Womenswear,2,45.0,0.1,40.5,81.0,Cancelled,Norwich
ORD-0158,2025-03-16,SKU015,Women's Leather Bag,Accessories,4,65.0,0.25,48.75,195.0,Cancelled,Norwich
ORD-0159,2025-01-20,SKU015,Women's Leather Bag,Accessories,2,65.0,0,65.0,130.0,Cancelled,Liverpool
ORD-0159,2025-01-20,SKU004,Men's Oxford Shirt,Menswear,2,26.0,0.2,20.8,41.6,Cancelled,Liverpool
ORD-0159,2025-01-20,SKU011,Women's Running Trainers,Footwear,4,52.0,0.25,39.0,156.0,Cancelled,Liverpool
ORD-0159,2025-01-20,SKU003,Kids' Puffer Jacket,Childrenswear,2,28.0,0.1,25.2,50.4,Cancelled,Liverpool
ORD-0160,2025-02-17,SKU013,Baby Sleepsuit 3-Pack,Childrenswear,3,16.0,0,16.0,48.0,Delivered,Norwich
ORD-0160,2025-02-17,SKU014,Cotton Bedding Set Double,Home,3,35.0,0,35.0,105.0,Delivered,Norwich
ORD-0160,2025-02-17,SKU011,Women's Running Trainers,Footwear,4,52.0,0,52.0,208.0,Delivered,Norwich
ORD-0161,2025-02-02,SKU020,Men's Belt,Accessories,2,22.0,0.1,19.8,39.6,Delivered,Edinburgh
ORD-0161,2025-02-02,SKU005,Women's Ankle Boots,Footwear,3,58.0,0.15,49.3,147.9,Delivered,Edinburgh
ORD-0162,2025-01-17,SKU003,Kids' Puffer Jacket,Childrenswear,3,28.0,0,28.0,84.0,Dispatched,Liverpool
ORD-0162,2025-01-17,SKU010,Scented Candle Set,Home,1,18.0,0.15,15.3,15.3,Dispatched,Liverpool
ORD-0163,2025-03-07,SKU012,Men's Wool Coat,Menswear,2,89.0,0.1,80.1,160.2,Delivered,Bristol
ORD-0164,2025-03-04,SKU005,Women's Ankle Boots,Footwear,3,58.0,0,58.0,174.0,Delivered,Manchester
ORD-0165,2025-03-06,SKU017,Women's Wide Leg Trousers,Womenswear,2,34.0,0.15,28.9,57.8,Returned,Edinburgh
ORD-0165,2025-03-06,SKU002,Women's Floral Dress,Womenswear,2,45.0,0,45.0,90.0,Returned,Edinburgh
ORD-0166,2025-01-24,SKU020,Men's Belt,Accessories,3,22.0,0,22.0,66.0,Dispatched,West Midlands
ORD-0166,2025-01-24,SKU006,Velvet Cushion Cover,Home,4,14.0,0,14.0,56.0,Dispatched,West Midlands
ORD-0166,2025-01-24,SKU015,Women's Leather Bag,Accessories,4,65.0,0,65.0,260.0,Dispatched,West Midlands
ORD-0167,2025-03-10,SKU016,Men's Graphic Tee,Menswear,4,15.0,0.2,12.0,48.0,Delivered,Yorkshire
ORD-0168,2025-02-06,SKU017,Women's Wide Leg Trousers,Womenswear,2,34.0,0,34.0,68.0,Delivered,Cardiff
ORD-0168,2025-02-06,SKU020,Men's Belt,Accessories,3,22.0,0,22.0,66.0,Delivered,Cardiff
ORD-0169,2025-03-24,SKU012,Men's Wool Coat,Menswear,1,89.0,0,89.0,89.0,Delivered,Liverpool
ORD-0170,2025-01-11,SKU009,Kids' School Polo 2-Pack,Childrenswear,4,12.0,0,12.0,48.0,Delivered,Liverpool
ORD-0170,2025-01-11,SKU015,Women's Leather Bag,Accessories,2,65.0,0.2,52.0,104.0,Delivered,Liverpool
ORD-0171,2025-02-14,SKU014,Cotton Bedding Set Double,Home,2,35.0,0.15,29.75,59.5,Delivered,Liverpool
ORD-0171,2025-02-14,SKU002,Women's Floral Dress,Womenswear,1,45.0,0.1,40.5,40.5,Delivered,Liverpool
ORD-0171,2025-02-14,SKU013,Baby Sleepsuit 3-Pack,Childrenswear,2,16.0,0,16.0,32.0,Delivered,Liverpool
ORD-0172,2025-02-10,SKU011,Women's Running Trainers,Footwear,4,52.0,0,52.0,208.0,Delivered,West Midlands
ORD-0172,2025-02-10,SKU005,Women's Ankle Boots,Footwear,4,58.0,0.2,46.4,185.6,Delivered,West Midlands
ORD-0172,2025-02-10,SKU019,Faux Fur Throw,Home,1,42.0,0,42.0,42.0,Delivered,West Midlands
ORD-0173,2025-01-03,SKU005,Women's Ankle Boots,Footwear,4,58.0,0,58.0,232.0,Returned,Liverpool
ORD-0174,2025-02-06,SKU004,Men's Oxford Shirt,Menswear,4,26.0,0.2,20.8,83.2,Delivered,West Midlands
ORD-0175,2025-01-09,SKU016,Men's Graphic Tee,Menswear,1,15.0,0.25,11.25,11.25,Processing,Norwich
ORD-0176,2025-03-15,SKU005,Women's Ankle Boots,Footwear,1,58.0,0.1,52.2,52.2,Dispatched,Bristol
ORD-0177,2025-01-31,SKU006,Velvet Cushion Cover,Home,1,14.0,0.25,10.5,10.5,Delivered,Liverpool
ORD-0177,2025-01-31,SKU003,Kids' Puffer Jacket,Childrenswear,1,28.0,0.15,23.8,23.8,Delivered,Liverpool
ORD-0178,2025-03-02,SKU013,Baby Sleepsuit 3-Pack,Childrenswear,1,16.0,0.1,14.4,14.4,Delivered,Edinburgh
ORD-0179,2025-01-09,SKU004,Men's Oxford Shirt,Menswear,2,26.0,0,26.0,52.0,Delivered,Norwich
ORD-0180,2025-02-15,SKU006,Velvet Cushion Cover,Home,2,14.0,0,14.0,28.0,Cancelled,Newcastle
ORD-0180,2025-02-15,SKU015,Women's Leather Bag,Accessories,1,65.0,0.2,52.0,52.0,Cancelled,Newcastle
ORD-0181,2025-01-05,SKU002,Women's Floral Dress,Womenswear,3,45.0,0,45.0,135.0,Delivered,Yorkshire
ORD-0182,2025-03-07,SKU018,Kids' Wellies,Footwear,1,20.0,0,20.0,20.0,Delivered,Newcastle
ORD-0183,2025-02-06,SKU002,Women's Floral Dress,Womenswear,1,45.0,0.1,40.5,40.5,Delivered,Edinburgh
ORD-0184,2025-02-25,SKU015,Women's Leather Bag,Accessories,4,65.0,0.1,58.5,234.0,Dispatched,Manchester
ORD-0184,2025-02-25,SKU013,Baby Sleepsuit 3-Pack,Childrenswear,3,16.0,0,16.0,48.0,Dispatched,Manchester
ORD-0184,2025-02-25,SKU011,Women's Running Trainers,Footwear,4,52.0,0,52.0,208.0,Dispatched,Manchester
ORD-0185,2025-02-25,SKU006,Velvet Cushion Cover,Home,1,14.0,0,14.0,14.0,Delivered,Bristol
ORD-0185,2025-02-25,SKU018,Kids' Wellies,Footwear,3,20.0,0,20.0,60.0,Delivered,Bristol
ORD-0186,2025-02-09,SKU014,Cotton Bedding Set Double,Home,3,35.0,0.2,28.0,84.0,Dispatched,Manchester
ORD-0187,2025-01-06,SKU012,Men's Wool Coat,Menswear,1,89.0,0,89.0,89.0,Cancelled,Bristol
ORD-0187,2025-01-06,SKU014,Cotton Bedding Set Double,Home,4,35.0,0.1,31.5,126.0,Cancelled,Bristol
ORD-0188,2025-03-07,SKU006,Velvet Cushion Cover,Home,4,14.0,0,14.0,56.0,Cancelled,Norwich
ORD-0188,2025-03-07,SKU001,Men's Slim Fit Jeans,Menswear,2,32.0,0,32.0,64.0,Cancelled,Norwich
ORD-0188,2025-03-07,SKU005,Women's Ankle Boots,Footwear,2,58.0,0.1,52.2,104.4,Cancelled,Norwich
ORD-0189,2025-02-16,SKU019,Faux Fur Throw,Home,2,42.0,0.2,33.6,67.2,Returned,West Midlands
ORD-0190,2025-02-17,SKU003,Kids' Puffer Jacket,Childrenswear,3,28.0,0.15,23.8,71.4,Delivered,Norwich
ORD-0191,2025-02-10,SKU008,Women's Knit Jumper,Womenswear,4,38.0,0.25,28.5,114.0,Delivered,West Midlands
ORD-0191,2025-02-10,SKU004,Men's Oxford Shirt,Menswear,4,26.0,0.25,19.5,78.0,Delivered,West Midlands
ORD-0192,2025-01-16,SKU009,Kids' School Polo 2-Pack,Childrenswear,3,12.0,0.2,9.6,28.8,Delivered,Newcastle
ORD-0193,2025-01-26,SKU003,Kids' Puffer Jacket,Childrenswear,4,28.0,0,28.0,112.0,Delivered,Newcastle
ORD-0194,2025-03-29,SKU011,Women's Running Trainers,Footwear,2,52.0,0.1,46.8,93.6,Delivered,Bristol
ORD-0194,2025-03-29,SKU012,Men's Wool Coat,Menswear,2,89.0,0,89.0,178.0,Delivered,Bristol
ORD-0194,2025-03-29,SKU003,Kids' Puffer Jacket,Childrenswear,2,28.0,0,28.0,56.0,Delivered,Bristol
ORD-0194,2025-03-29,SKU010,Scented Candle Set,Home,2,18.0,0.2,14.4,28.8,Delivered,Bristol
ORD-0195,2025-01-04,SKU019,Faux Fur Throw,Home,2,42.0,0,42.0,84.0,Dispatched,Edinburgh
ORD-0196,2025-01-09,SKU016,Men's Graphic Tee,Menswear,4,15.0,0,15.0,60.0,Dispatched,Liverpool
ORD-0197,2025-01-17,SKU003,Kids' Puffer Jacket,Childrenswear,2,28.0,0,28.0,56.0,Delivered,Edinburgh
ORD-0197,2025-01-17,SKU015,Women's Leather Bag,Accessories,4,65.0,0.25,48.75,195.0,Delivered,Edinburgh
ORD-0197,2025-01-17,SKU019,Faux Fur Throw,Home,1,42.0,0,42.0,42.0,Delivered,Edinburgh
ORD-0197,2025-01-17,SKU017,Women's Wide Leg Trousers,Womenswear,2,34.0,0,34.0,68.0,Delivered,Edinburgh
ORD-0198,2025-01-22,SKU008,Women's Knit Jumper,Womenswear,3,38.0,0,38.0,114.0,Processing,Edinburgh
ORD-0199,2025-02-02,SKU018,Kids' Wellies,Footwear,3,20.0,0.25,15.0,45.0,Delivered,Bristol
ORD-0200,2025-01-12,SKU006,Velvet Cushion Cover,Home,2,14.0,0.1,12.6,25.2,Delivered,Norwich
ORD-0200,2025-01-12,SKU019,Faux Fur Throw,Home,1,42.0,0,42.0,42.0,Delivered,Norwich
ORD-0201,2025-01-11,SKU019,Faux Fur Throw,Home,2,42.0,0.15,35.7,71.4,Cancelled,Bristol
ORD-0202,2025-03-21,SKU016,Men's Graphic Tee,Menswear,3,15.0,0.2,12.0,36.0,Cancelled,Bristol
ORD-0202,2025-03-21,SKU018,Kids' Wellies,Footwear,2,20.0,0.15,17.0,34.0,Cancelled,Bristol
ORD-0203,2025-02-08,SKU002,Women's Floral Dress,Womenswear,4,45.0,0.2,36.0,144.0,Dispatched,Manchester
ORD-0204,2025-03-01,SKU020,Men's Belt,Accessories,3,22.0,0.1,19.8,59.4,Delivered,Manchester
ORD-0205,2025-02-21,SKU012,Men's Wool Coat,Menswear,1,89.0,0.1,80.1,80.1,Processing,Liverpool
ORD-0206,2025-01-31,SKU009,Kids' School Polo 2-Pack,Childrenswear,2,12.0,0,12.0,24.0,Delivered,Newcastle
ORD-0207,2025-01-07,SKU013,Baby Sleepsuit 3-Pack,Childrenswear,2,16.0,0,16.0,32.0,Dispatched,Norwich
ORD-0208,2025-02-11,SKU011,Women's Running Trainers,Footwear,4,52.0,0.2,41.6,166.4,Processing,Newcastle
ORD-0208,2025-02-11,SKU007,Men's Chino Trousers,Menswear,3,30.0,0.2,24.0,72.0,Processing,Newcastle
ORD-0208,2025-02-11,SKU006,Velvet Cushion Cover,Home,1,14.0,0,14.0,14.0,Processing,Newcastle
ORD-0209,2025-02-20,SKU008,Women's Knit Jumper,Womenswear,1,38.0,0,38.0,38.0,Delivered,Norwich
ORD-0209,2025-02-20,SKU007,Men's Chino Trousers,Menswear,3,30.0,0.2,24.0,72.0,Delivered,Norwich
ORD-0210,2025-03-18,SKU016,Men's Graphic Tee,Menswear,4,15.0,0,15.0,60.0,Delivered,West Midlands
ORD-0210,2025-03-18,SKU010,Scented Candle Set,Home,3,18.0,0.1,16.2,48.6,Delivered,West Midlands
ORD-0210,2025-03-18,SKU018,Kids' Wellies,Footwear,4,20.0,0.1,18.0,72.0,Delivered,West Midlands
ORD-0211,2025-01-06,SKU019,Faux Fur Throw,Home,3,42.0,0.25,31.5,94.5,Delivered,Liverpool
ORD-0212,2025-02-06,SKU017,Women's Wide Leg Trousers,Womenswear,3,34.0,0,34.0,102.0,Processing,Newcastle
ORD-0213,2025-01-17,SKU013,Baby Sleepsuit 3-Pack,Childrenswear,4,16.0,0.25,12.0,48.0,Delivered,Manchester
ORD-0213,2025-01-17,SKU012,Men's Wool Coat,Menswear,1,89.0,0,89.0,89.0,Delivered,Manchester
ORD-0213,2025-01-17,SKU011,Women's Running Trainers,Footwear,1,52.0,0,52.0,52.0,Delivered,Manchester
ORD-0213,2025-01-17,SKU019,Faux Fur Throw,Home,3,42.0,0.2,33.6,100.8,Delivered,Manchester
ORD-0214,2025-03-08,SKU020,Men's Belt,Accessories,3,22.0,0.1,19.8,59.4,Delivered,Liverpool
ORD-0215,2025-01-21,SKU020,Men's Belt,Accessories,3,22.0,0.25,16.5,49.5,Returned,Bristol
ORD-0216,2025-03-07,SKU019,Faux Fur Throw,Home,3,42.0,0.1,37.8,113.4,Delivered,Newcastle
ORD-0216,2025-03-07,SKU010,Scented Candle Set,Home,1,18.0,0.15,15.3,15.3,Delivered,Newcastle
ORD-0217,2025-03-16,SKU001,Men's Slim Fit Jeans,Menswear,3,32.0,0,32.0,96.0,Dispatched,Norwich
ORD-0218,2025-01-07,SKU006,Velvet Cushion Cover,Home,2,14.0,0,14.0,28.0,Dispatched,Norwich
ORD-0218,2025-01-07,SKU017,Women's Wide Leg Trousers,Womenswear,1,34.0,0,34.0,34.0,Dispatched,Norwich
ORD-0219,2025-01-25,SKU011,Women's Running Trainers,Footwear,4,52.0,0,52.0,208.0,Delivered,Cardiff
ORD-0220,2025-02-22,SKU020,Men's Belt,Accessories,2,22.0,0.25,16.5,33.0,Delivered,West Midlands
ORD-0220,2025-02-22,SKU016,Men's Graphic Tee,Menswear,3,15.0,0.2,12.0,36.0,Delivered,West Midlands
ORD-0221,2025-03-09,SKU006,Velvet Cushion Cover,Home,3,14.0,0.25,10.5,31.5,Processing,Newcastle
ORD-0222,2025-02-15,SKU009,Kids' School Polo 2-Pack,Childrenswear,3,12.0,0.25,9.0,27.0,Delivered,Yorkshire
ORD-0222,2025-02-15,SKU016,Men's Graphic Tee,Menswear,3,15.0,0,15.0,45.0,Delivered,Yorkshire
ORD-0223,2025-02-08,SKU007,Men's Chino Trousers,Menswear,3,30.0,0.25,22.5,67.5,Dispatched,Edinburgh
ORD-0223,2025-02-08,SKU016,Men's Graphic Tee,Menswear,3,15.0,0,15.0,45.0,Dispatched,Edinburgh
ORD-0224,2025-01-16,SKU018,Kids' Wellies,Footwear,2,20.0,0,20.0,40.0,Delivered,Cardiff
ORD-0224,2025-01-16,SKU013,Baby Sleepsuit 3-Pack,Childrenswear,1,16.0,0,16.0,16.0,Delivered,Cardiff
ORD-0225,2025-01-11,SKU015,Women's Leather Bag,Accessories,2,65.0,0,65.0,130.0,Dispatched,Bristol
ORD-0226,2025-03-10,SKU018,Kids' Wellies,Footwear,1,20.0,0,20.0,20.0,Delivered,Bristol
ORD-0227,2025-02-01,SKU017,Women's Wide Leg Trousers,Womenswear,2,34.0,0,34.0,68.0,Cancelled,Yorkshire
ORD-0228,2025-01-13,SKU016,Men's Graphic Tee,Menswear,2,15.0,0,15.0,30.0,Cancelled,London
ORD-0229,2025-03-12,SKU006,Velvet Cushion Cover,Home,3,14.0,0,14.0,42.0,Delivered,Yorkshire
ORD-0229,2025-03-12,SKU014,Cotton Bedding Set Double,Home,1,35.0,0,35.0,35.0,Delivered,Yorkshire
ORD-0229,2025-03-12,SKU016,Men's Graphic Tee,Menswear,2,15.0,0.25,11.25,22.5,Delivered,Yorkshire
ORD-0229,2025-03-12,SKU018,Kids' Wellies,Footwear,1,20.0,0,20.0,20.0,Delivered,Yorkshire
ORD-0230,2025-02-23,SKU006,Velvet Cushion Cover,Home,3,14.0,0,14.0,42.0,Delivered,Newcastle
ORD-0230,2025-02-23,SKU002,Women's Floral Dress,Womenswear,1,45.0,0,45.0,45.0,Delivered,Newcastle
ORD-0230,2025-02-23,SKU013,Baby Sleepsuit 3-Pack,Childrenswear,1,16.0,0.1,14.4,14.4,Delivered,Newcastle
ORD-0231,2025-02-06,SKU018,Kids' Wellies,Footwear,2,20.0,0.25,15.0,30.0,Dispatched,Liverpool
ORD-0232,2025-03-01,SKU004,Men's Oxford Shirt,Menswear,4,26.0,0,26.0,104.0,Delivered,Edinburgh
ORD-0233,2025-01-24,SKU011,Women's Running Trainers,Footwear,2,52.0,0,52.0,104.0,Returned,Bristol
ORD-0234,2025-03-20,SKU013,Baby Sleepsuit 3-Pack,Childrenswear,4,16.0,0,16.0,64.0,Delivered,Edinburgh
ORD-0234,2025-03-20,SKU014,Cotton Bedding Set Double,Home,2,35.0,0,35.0,70.0,Delivered,Edinburgh
ORD-0234,2025-03-20,SKU017,Women's Wide Leg Trousers,Womenswear,4,34.0,0.1,30.6,122.4,Delivered,Edinburgh
ORD-0235,2025-02-01,SKU013,Baby Sleepsuit 3-Pack,Childrenswear,3,16.0,0.1,14.4,43.2,Dispatched,Yorkshire
ORD-0236,2025-02-08,SKU019,Faux Fur Throw,Home,3,42.0,0,42.0,126.0,Cancelled,Bristol
ORD-0236,2025-02-08,SKU001,Men's Slim Fit Jeans,Menswear,1,32.0,0,32.0,32.0,Cancelled,Bristol
ORD-0237,2025-03-01,SKU013,Baby Sleepsuit 3-Pack,Childrenswear,1,16.0,0,16.0,16.0,Delivered,Liverpool
ORD-0238,2025-02-17,SKU008,Women's Knit Jumper,Womenswear,4,38.0,0.1,34.2,136.8,Delivered,Newcastle
ORD-0238,2025-02-17,SKU005,Women's Ankle Boots,Footwear,4,58.0,0.25,43.5,174.0,Delivered,Newcastle
ORD-0239,2025-03-02,SKU007,Men's Chino Trousers,Menswear,4,30.0,0.25,22.5,90.0,Delivered,Norwich
ORD-0239,2025-03-02,SKU008,Women's Knit Jumper,Womenswear,3,38.0,0,38.0,114.0,Delivered,Norwich
ORD-0240,2025-03-14,SKU018,Kids' Wellies,Footwear,2,20.0,0,20.0,40.0,Delivered,Liverpool
ORD-0241,2025-02-11,SKU015,Women's Leather Bag,Accessories,1,65.0,0.25,48.75,48.75,Dispatched,Norwich
ORD-0241,2025-02-11,SKU004,Men's Oxford Shirt,Menswear,4,26.0,0,26.0,104.0,Dispatched,Norwich
ORD-0241,2025-02-11,SKU007,Men's Chino Trousers,Menswear,4,30.0,0,30.0,120.0,Dispatched,Norwich
ORD-0242,2025-03-07,SKU019,Faux Fur Throw,Home,4,42.0,0,42.0,168.0,Processing,West Midlands
ORD-0243,2025-01-03,SKU001,Men's Slim Fit Jeans,Menswear,1,32.0,0,32.0,32.0,Returned,Yorkshire
ORD-0244,2025-02-24,SKU003,Kids' Puffer Jacket,Childrenswear,1,28.0,0.2,22.4,22.4,Delivered,Liverpool
ORD-0245,2025-01-05,SKU006,Velvet Cushion Cover,Home,4,14.0,0.1,12.6,50.4,Cancelled,Manchester
ORD-0246,2025-02-18,SKU013,Baby Sleepsuit 3-Pack,Childrenswear,2,16.0,0.1,14.4,28.8,Delivered,Cardiff
ORD-0247,2025-01-16,SKU018,Kids' Wellies,Footwear,2,20.0,0,20.0,40.0,Processing,Cardiff
ORD-0248,2025-01-01,SKU010,Scented Candle Set,Home,4,18.0,0,18.0,72.0,Dispatched,Liverpool
ORD-0248,2025-01-01,SKU015,Women's Leather Bag,Accessories,2,65.0,0.2,52.0,104.0,Dispatched,Liverpool
ORD-0249,2025-02-14,SKU007,Men's Chino Trousers,Menswear,4,30.0,0,30.0,120.0,Delivered,London
ORD-0250,2025-01-31,SKU004,Men's Oxford Shirt,Menswear,4,26.0,0,26.0,104.0,Delivered,Norwich
ORD-0251,2025-02-01,SKU013,Baby Sleepsuit 3-Pack,Childrenswear,2,16.0,0,16.0,32.0,Processing,Yorkshire
ORD-0251,2025-02-01,SKU015,Women's Leather Bag,Accessories,2,65.0,0.25,48.75,97.5,Processing,Yorkshire
ORD-0252,2025-02-07,SKU019,Faux Fur Throw,Home,3,42.0,0,42.0,126.0,Returned,Edinburgh
ORD-0253,2025-02-08,SKU017,Women's Wide Leg Trousers,Womenswear,1,34.0,0.25,25.5,25.5,Delivered,Bristol
ORD-0253,2025-02-08,SKU008,Women's Knit Jumper,Womenswear,2,38.0,0.15,32.3,64.6,Delivered,Bristol
ORD-0253,2025-02-08,SKU014,Cotton Bedding Set Double,Home,4,35.0,0,35.0,140.0,Delivered,Bristol
ORD-0254,2025-02-14,SKU013,Baby Sleepsuit 3-Pack,Childrenswear,2,16.0,0,16.0,32.0,Dispatched,Cardiff
ORD-0254,2025-02-14,SKU017,Women's Wide Leg Trousers,Womenswear,4,34.0,0,34.0,136.0,Dispatched,Cardiff
ORD-0254,2025-02-14,SKU011,Women's Running Trainers,Footwear,4,52.0,0,52.0,208.0,Dispatched,Cardiff
ORD-0255,2025-01-29,SKU005,Women's Ankle Boots,Footwear,4,58.0,0.15,49.3,197.2,Delivered,Newcastle
ORD-0256,2025-03-13,SKU013,Baby Sleepsuit 3-Pack,Childrenswear,3,16.0,0,16.0,48.0,Delivered,Bristol
ORD-0256,2025-03-13,SKU008,Women's Knit Jumper,Womenswear,4,38.0,0.1,34.2,136.8,Delivered,Bristol
ORD-0257,2025-01-12,SKU007,Men's Chino Trousers,Menswear,1,30.0,0,30.0,30.0,Dispatched,Bristol
ORD-0257,2025-01-12,SKU002,Women's Floral Dress,Womenswear,2,45.0,0.25,33.75,67.5,Dispatched,Bristol
ORD-0258,2025-01-28,SKU011,Women's Running Trainers,Footwear,2,52.0,0,52.0,104.0,Delivered,Bristol
ORD-0259,2025-01-16,SKU016,Men's Graphic Tee,Menswear,4,15.0,0,15.0,60.0,Delivered,Norwich
ORD-0259,2025-01-16,SKU008,Women's Knit Jumper,Womenswear,3,38.0,0,38.0,114.0,Delivered,Norwich
ORD-0260,2025-02-18,SKU012,Men's Wool Coat,Menswear,3,89.0,0.25,66.75,200.25,Delivered,Bristol
ORD-0261,2025-03-05,SKU016,Men's Graphic Tee,Menswear,3,15.0,0.1,13.5,40.5,Delivered,Edinburgh
ORD-0262,2025-02-22,SKU008,Women's Knit Jumper,Womenswear,3,38.0,0.25,28.5,85.5,Delivered,Manchester
ORD-0263,2025-03-16,SKU014,Cotton Bedding Set Double,Home,3,35.0,0,35.0,105.0,Delivered,Manchester
ORD-0263,2025-03-16,SKU010,Scented Candle Set,Home,4,18.0,0,18.0,72.0,Delivered,Manchester
ORD-0264,2025-03-05,SKU011,Women's Running Trainers,Footwear,4,52.0,0.2,41.6,166.4,Cancelled,Newcastle
ORD-0264,2025-03-05,SKU009,Kids' School Polo 2-Pack,Childrenswear,2,12.0,0.1,10.8,21.6,Cancelled,Newcastle
ORD-0265,2025-01-22,SKU018,Kids' Wellies,Footwear,1,20.0,0.25,15.0,15.0,Delivered,Newcastle
ORD-0266,2025-01-05,SKU003,Kids' Puffer Jacket,Childrenswear,2,28.0,0,28.0,56.0,Delivered,Cardiff
ORD-0266,2025-01-05,SKU002,Women's Floral Dress,Womenswear,2,45.0,0,45.0,90.0,Delivered,Cardiff
ORD-0266,2025-01-05,SKU001,Men's Slim Fit Jeans,Menswear,2,32.0,0.25,24.0,48.0,Delivered,Cardiff
ORD-0267,2025-02-28,SKU020,Men's Belt,Accessories,4,22.0,0,22.0,88.0,Dispatched,Norwich
ORD-0268,2025-01-01,SKU014,Cotton Bedding Set Double,Home,3,35.0,0.25,26.25,78.75,Processing,West Midlands
ORD-0268,2025-01-01,SKU001,Men's Slim Fit Jeans,Menswear,3,32.0,0,32.0,96.0,Processing,West Midlands
ORD-0269,2025-03-06,SKU014,Cotton Bedding Set Double,Home,2,35.0,0,35.0,70.0,Processing,London
ORD-0269,2025-03-06,SKU006,Velvet Cushion Cover,Home,2,14.0,0.25,10.5,21.0,Processing,London
ORD-0269,2025-03-06,SKU004,Men's Oxford Shirt,Menswear,3,26.0,0.1,23.4,70.2,Processing,London
ORD-0270,2025-02-04,SKU003,Kids' Puffer Jacket,Childrenswear,2,28.0,0,28.0,56.0,Dispatched,Cardiff
ORD-0270,2025-02-04,SKU012,Men's Wool Coat,Menswear,3,89.0,0,89.0,267.0,Dispatched,Cardiff
ORD-0271,2025-03-25,SKU002,Women's Floral Dress,Womenswear,4,45.0,0,45.0,180.0,Processing,Cardiff
ORD-0271,2025-03-25,SKU003,Kids' Puffer Jacket,Childrenswear,1,28.0,0,28.0,28.0,Processing,Cardiff
ORD-0271,2025-03-25,SKU013,Baby Sleepsuit 3-Pack,Childrenswear,1,16.0,0.2,12.8,12.8,Processing,Cardiff
ORD-0271,2025-03-25,SKU018,Kids' Wellies,Footwear,4,20.0,0.1,18.0,72.0,Processing,Cardiff
ORD-0272,2025-03-14,SKU004,Men's Oxford Shirt,Menswear,4,26.0,0,26.0,104.0,Returned,Yorkshire
ORD-0272,2025-03-14,SKU017,Women's Wide Leg Trousers,Womenswear,1,34.0,0,34.0,34.0,Returned,Yorkshire
ORD-0272,2025-03-14,SKU002,Women's Floral Dress,Womenswear,3,45.0,0.25,33.75,101.25,Returned,Yorkshire
ORD-0272,2025-03-14,SKU008,Women's Knit Jumper,Womenswear,1,38.0,0,38.0,38.0,Returned,Yorkshire
ORD-0273,2025-02-10,SKU007,Men's Chino Trousers,Menswear,4,30.0,0,30.0,120.0,Delivered,Norwich
ORD-0274,2025-02-08,SKU008,Women's Knit Jumper,Womenswear,3,38.0,0.15,32.3,96.9,Dispatched,Norwich
ORD-0275,2025-01-18,SKU003,Kids' Puffer Jacket,Childrenswear,1,28.0,0.15,23.8,23.8,Delivered,Edinburgh
ORD-0275,2025-01-18,SKU017,Women's Wide Leg Trousers,Womenswear,2,34.0,0,34.0,68.0,Delivered,Edinburgh
ORD-0276,2025-02-13,SKU020,Men's Belt,Accessories,3,22.0,0.2,17.6,52.8,Delivered,Edinburgh
ORD-0276,2025-02-13,SKU013,Baby Sleepsuit 3-Pack,Childrenswear,4,16.0,0,16.0,64.0,Delivered,Edinburgh
ORD-0277,2025-02-15,SKU013,Baby Sleepsuit 3-Pack,Childrenswear,4,16.0,0,16.0,64.0,Cancelled,Manchester
ORD-0277,2025-02-15,SKU014,Cotton Bedding Set Double,Home,3,35.0,0,35.0,105.0,Cancelled,Manchester
ORD-0278,2025-01-10,SKU005,Women's Ankle Boots,Footwear,2,58.0,0.15,49.3,98.6,Cancelled,Cardiff
ORD-0279,2025-02-10,SKU003,Kids' Puffer Jacket,Childrenswear,4,28.0,0.1,25.2,100.8,Delivered,West Midlands
ORD-0280,2025-02-04,SKU003,Kids' Puffer Jacket,Childrenswear,4,28.0,0.25,21.0,84.0,Dispatched,Manchester
ORD-0281,2025-03-13,SKU004,Men's Oxford Shirt,Menswear,1,26.0,0.1,23.4,23.4,Delivered,London
ORD-0281,2025-03-13,SKU001,Men's Slim Fit Jeans,Menswear,4,32.0,0,32.0,128.0,Delivered,London
ORD-0282,2025-02-07,SKU003,Kids' Puffer Jacket,Childrenswear,2,28.0,0.15,23.8,47.6,Delivered,Liverpool
ORD-0283,2025-01-22,SKU010,Scented Candle Set,Home,2,18.0,0,18.0,36.0,Dispatched,Bristol
ORD-0284,2025-01-22,SKU014,Cotton Bedding Set Double,Home,1,35.0,0.1,31.5,31.5,Dispatched,Bristol
ORD-0285,2025-02-02,SKU016,Men's Graphic Tee,Menswear,3,15.0,0,15.0,45.0,Delivered,London
ORD-0285,2025-02-02,SKU007,Men's Chino Trousers,Menswear,4,30.0,0.1,27.0,108.0,Delivered,London
ORD-0285,2025-02-02,SKU015,Women's Leather Bag,Accessories,4,65.0,0.1,58.5,234.0,Delivered,London
ORD-0286,2025-02-26,SKU020,Men's Belt,Accessories,3,22.0,0,22.0,66.0,Delivered,Manchester
ORD-0287,2025-03-03,SKU013,Baby Sleepsuit 3-Pack,Childrenswear,4,16.0,0,16.0,64.0,Delivered,Edinburgh
ORD-0288,2025-02-11,SKU013,Baby Sleepsuit 3-Pack,Childrenswear,2,16.0,0.25,12.0,24.0,Delivered,Edinburgh
ORD-0289,2025-01-24,SKU018,Kids' Wellies,Footwear,4,20.0,0,20.0,80.0,Delivered,Newcastle
ORD-0289,2025-01-24,SKU001,Men's Slim Fit Jeans,Menswear,1,32.0,0.15,27.2,27.2,Delivered,Newcastle
ORD-0290,2025-03-28,SKU010,Scented Candle Set,Home,2,18.0,0.15,15.3,30.6,Delivered,Yorkshire
ORD-0291,2025-02-18,SKU020,Men's Belt,Accessories,4,22.0,0.25,16.5,66.0,Returned,Newcastle
ORD-0292,2025-03-06,SKU014,Cotton Bedding Set Double,Home,1,35.0,0,35.0,35.0,Processing,Edinburgh
ORD-0292,2025-03-06,SKU018,Kids' Wellies,Footwear,2,20.0,0.1,18.0,36.0,Processing,Edinburgh
ORD-0292,2025-03-06,SKU002,Women's Floral Dress,Womenswear,2,45.0,0,45.0,90.0,Processing,Edinburgh
ORD-0293,2025-03-14,SKU013,Baby Sleepsuit 3-Pack,Childrenswear,3,16.0,0,16.0,48.0,Delivered,West Midlands
ORD-0293,2025-03-14,SKU011,Women's Running Trainers,Footwear,2,52.0,0.2,41.6,83.2,Delivered,West Midlands
ORD-0293,2025-03-14,SKU014,Cotton Bedding Set Double,Home,3,35.0,0.15,29.75,89.25,Delivered,West Midlands
ORD-0293,2025-03-14,SKU004,Men's Oxford Shirt,Menswear,4,26.0,0.25,19.5,78.0,Delivered,West Midlands
ORD-0294,2025-01-20,SKU001,Men's Slim Fit Jeans,Menswear,3,32.0,0.15,27.2,81.6,Delivered,Newcastle
ORD-0295,2025-01-11,SKU005,Women's Ankle Boots,Footwear,3,58.0,0.2,46.4,139.2,Delivered,Edinburgh
ORD-0296,2025-01-27,SKU012,Men's Wool Coat,Menswear,4,89.0,0.1,80.1,320.4,Dispatched,London
ORD-0296,2025-01-27,SKU016,Men's Graphic Tee,Menswear,1,15.0,0,15.0,15.0,Dispatched,London
ORD-0297,2025-01-06,SKU004,Men's Oxford Shirt,Menswear,2,26.0,0,26.0,52.0,Cancelled,London
ORD-0297,2025-01-06,SKU001,Men's Slim Fit Jeans,Menswear,2,32.0,0.25,24.0,48.0,Cancelled,London
ORD-0297,2025-01-06,SKU011,Women's Running Trainers,Footwear,2,52.0,0.1,46.8,93.6,Cancelled,London
ORD-0298,2025-03-13,SKU015,Women's Leather Bag,Accessories,2,65.0,0,65.0,130.0,Dispatched,Yorkshire
ORD-0299,2025-03-23,SKU013,Baby Sleepsuit 3-Pack,Childrenswear,4,16.0,0.15,13.6,54.4,Delivered,Norwich
ORD-0299,2025-03-23,SKU001,Men's Slim Fit Jeans,Menswear,4,32.0,0,32.0,128.0,Delivered,Norwich
ORD-0300,2025-01-28,SKU003,Kids' Puffer Jacket,Childrenswear,2,28.0,0.1,25.2,50.4,Delivered,Norwich
ORD-0301,2025-02-11,SKU004,Men's Oxford Shirt,Menswear,4,26.0,0.25,19.5,78.0,Cancelled,Bristol
ORD-0302,2025-03-23,SKU013,Baby Sleepsuit 3-Pack,Childrenswear,1,16.0,0.1,14.4,14.4,Dispatched,Norwich
ORD-0303,2025-02-15,SKU020,Men's Belt,Accessories,1,22.0,0,22.0,22.0,Returned,Norwich
ORD-0303,2025-02-15,SKU006,Velvet Cushion Cover,Home,3,14.0,0,14.0,42.0,Returned,Norwich
ORD-0303,2025-02-15,SKU010,Scented Candle Set,Home,2,18.0,0,18.0,36.0,Returned,Norwich
ORD-0304,2025-01-15,SKU005,Women's Ankle Boots,Footwear,4,58.0,0,58.0,232.0,Dispatched,Liverpool
ORD-0305,2025-03-15,SKU006,Velvet Cushion Cover,Home,2,14.0,0.25,10.5,21.0,Cancelled,Newcastle
ORD-0306,2025-01-22,SKU005,Women's Ankle Boots,Footwear,4,58.0,0,58.0,232.0,Delivered,Manchester
ORD-0307,2025-02-15,SKU016,Men's Graphic Tee,Menswear,4,15.0,0.15,12.75,51.0,Processing,Liverpool
ORD-0307,2025-02-15,SKU005,Women's Ankle Boots,Footwear,4,58.0,0.15,49.3,197.2,Processing,Liverpool
ORD-0307,2025-02-15,SKU007,Men's Chino Trousers,Menswear,4,30.0,0.2,24.0,96.0,Processing,Liverpool
ORD-0307,2025-02-15,SKU013,Baby Sleepsuit 3-Pack,Childrenswear,2,16.0,0,16.0,32.0,Processing,Liverpool
ORD-0308,2025-03-14,SKU008,Women's Knit Jumper,Womenswear,3,38.0,0,38.0,114.0,Delivered,Bristol
ORD-0309,2025-03-10,SKU015,Women's Leather Bag,Accessories,1,65.0,0,65.0,65.0,Dispatched,Norwich
ORD-0310,2025-02-04,SKU012,Men's Wool Coat,Menswear,2,89.0,0.15,75.65,151.3,Dispatched,West Midlands
ORD-0310,2025-02-04,SKU018,Kids' Wellies,Footwear,1,20.0,0,20.0,20.0,Dispatched,West Midlands
ORD-0311,2025-02-08,SKU002,Women's Floral Dress,Womenswear,4,45.0,0,45.0,180.0,Delivered,Edinburgh
ORD-0311,2025-02-08,SKU015,Women's Leather Bag,Accessories,2,65.0,0,65.0,130.0,Delivered,Edinburgh
ORD-0311,2025-02-08,SKU009,Kids' School Polo 2-Pack,Childrenswear,3,12.0,0.15,10.2,30.6,Delivered,Edinburgh
ORD-0312,2025-01-22,SKU007,Men's Chino Trousers,Menswear,3,30.0,0.25,22.5,67.5,Returned,West Midlands
ORD-0312,2025-01-22,SKU020,Men's Belt,Accessories,3,22.0,0.25,16.5,49.5,Returned,West Midlands
ORD-0313,2025-01-22,SKU010,Scented Candle Set,Home,3,18.0,0.25,13.5,40.5,Returned,Bristol
ORD-0314,2025-03-28,SKU005,Women's Ankle Boots,Footwear,2,58.0,0,58.0,116.0,Cancelled,Bristol
ORD-0314,2025-03-28,SKU014,Cotton Bedding Set Double,Home,2,35.0,0,35.0,70.0,Cancelled,Bristol
ORD-0314,2025-03-28,SKU002,Women's Floral Dress,Womenswear,3,45.0,0,45.0,135.0,Cancelled,Bristol
ORD-0315,2025-03-28,SKU005,Women's Ankle Boots,Footwear,3,58.0,0.15,49.3,147.9,Cancelled,Norwich
ORD-0316,2025-02-18,SKU003,Kids' Puffer Jacket,Childrenswear,3,28.0,0.1,25.2,75.6,Processing,Cardiff
ORD-0317,2025-02-28,SKU011,Women's Running Trainers,Footwear,3,52.0,0,52.0,156.0,Cancelled,Newcastle
ORD-0317,2025-02-28,SKU019,Faux Fur Throw,Home,4,42.0,0,42.0,168.0,Cancelled,Newcastle
ORD-0317,2025-02-28,SKU001,Men's Slim Fit Jeans,Menswear,4,32.0,0,32.0,128.0,Cancelled,Newcastle
ORD-0317,2025-02-28,SKU003,Kids' Puffer Jacket,Childrenswear,4,28.0,0,28.0,112.0,Cancelled,Newcastle
ORD-0318,2025-02-11,SKU011,Women's Running Trainers,Footwear,3,52.0,0,52.0,156.0,Dispatched,Norwich
ORD-0318,2025-02-11,SKU018,Kids' Wellies,Footwear,1,20.0,0,20.0,20.0,Dispatched,Norwich
ORD-0318,2025-02-11,SKU005,Women's Ankle Boots,Footwear,4,58.0,0,58.0,232.0,Dispatched,Norwich
ORD-0319,2025-01-16,SKU006,Velvet Cushion Cover,Home,2,14.0,0,14.0,28.0,Dispatched,West Midlands
ORD-0319,2025-01-16,SKU015,Women's Leather Bag,Accessories,3,65.0,0,65.0,195.0,Dispatched,West Midlands
ORD-0319,2025-01-16,SKU019,Faux Fur Throw,Home,3,42.0,0,42.0,126.0,Dispatched,West Midlands
ORD-0320,2025-03-25,SKU003,Kids' Puffer Jacket,Childrenswear,2,28.0,0,28.0,56.0,Cancelled,Edinburgh
ORD-0321,2025-02-20,SKU008,Women's Knit Jumper,Womenswear,1,38.0,0,38.0,38.0,Delivered,London
ORD-0321,2025-02-20,SKU014,Cotton Bedding Set Double,Home,4,35.0,0,35.0,140.0,Delivered,London
ORD-0322,2025-01-17,SKU017,Women's Wide Leg Trousers,Womenswear,3,34.0,0,34.0,102.0,Delivered,West Midlands
ORD-0322,2025-01-17,SKU015,Women's Leather Bag,Accessories,4,65.0,0,65.0,260.0,Delivered,West Midlands
ORD-0323,2025-03-03,SKU013,Baby Sleepsuit 3-Pack,Childrenswear,1,16.0,0.1,14.4,14.4,Delivered,London
ORD-0324,2025-02-17,SKU005,Women's Ankle Boots,Footwear,1,58.0,0,58.0,58.0,Delivered,Manchester
ORD-0324,2025-02-17,SKU013,Baby Sleepsuit 3-Pack,Childrenswear,4,16.0,0.1,14.4,57.6,Delivered,Manchester
ORD-0324,2025-02-17,SKU020,Men's Belt,Accessories,2,22.0,0,22.0,44.0,Delivered,Manchester
ORD-0325,2025-02-22,SKU015,Women's Leather Bag,Accessories,2,65.0,0,65.0,130.0,Delivered,London
ORD-0325,2025-02-22,SKU007,Men's Chino Trousers,Menswear,4,30.0,0.1,27.0,108.0,Delivered,London
ORD-0326,2025-02-24,SKU005,Women's Ankle Boots,Footwear,1,58.0,0,58.0,58.0,Delivered,Yorkshire
ORD-0327,2025-03-12,SKU020,Men's Belt,Accessories,3,22.0,0,22.0,66.0,Cancelled,West Midlands
ORD-0327,2025-03-12,SKU010,Scented Candle Set,Home,2,18.0,0.15,15.3,30.6,Cancelled,West Midlands
ORD-0328,2025-02-07,SKU008,Women's Knit Jumper,Womenswear,2,38.0,0.2,30.4,60.8,Delivered,Cardiff
ORD-0328,2025-02-07,SKU016,Men's Graphic Tee,Menswear,1,15.0,0.25,11.25,11.25,Delivered,Cardiff
ORD-0329,2025-01-02,SKU011,Women's Running Trainers,Footwear,2,52.0,0.2,41.6,83.2,Processing,Edinburgh
ORD-0329,2025-01-02,SKU005,Women's Ankle Boots,Footwear,1,58.0,0,58.0,58.0,Processing,Edinburgh
ORD-0329,2025-01-02,SKU013,Baby Sleepsuit 3-Pack,Childrenswear,1,16.0,0,16.0,16.0,Processing,Edinburgh
ORD-0329,2025-01-02,SKU014,Cotton Bedding Set Double,Home,3,35.0,0,35.0,105.0,Processing,Edinburgh
ORD-0330,2025-01-06,SKU013,Baby Sleepsuit 3-Pack,Childrenswear,4,16.0,0.15,13.6,54.4,Dispatched,Liverpool
ORD-0330,2025-01-06,SKU017,Women's Wide Leg Trousers,Womenswear,1,34.0,0.25,25.5,25.5,Dispatched,Liverpool
ORD-0330,2025-01-06,SKU010,Scented Candle Set,Home,2,18.0,0,18.0,36.0,Dispatched,Liverpool
ORD-0331,2025-01-11,SKU017,Women's Wide Leg Trousers,Womenswear,3,34.0,0.15,28.9,86.7,Delivered,Yorkshire
ORD-0332,2025-03-17,SKU003,Kids' Puffer Jacket,Childrenswear,1,28.0,0,28.0,28.0,Delivered,Cardiff
ORD-0332,2025-03-17,SKU010,Scented Candle Set,Home,1,18.0,0.15,15.3,15.3,Delivered,Cardiff
ORD-0333,2025-01-15,SKU020,Men's Belt,Accessories,2,22.0,0,22.0,44.0,Delivered,West Midlands
ORD-0334,2025-01-02,SKU001,Men's Slim Fit Jeans,Menswear,3,32.0,0,32.0,96.0,Delivered,Newcastle
ORD-0334,2025-01-02,SKU006,Velvet Cushion Cover,Home,3,14.0,0,14.0,42.0,Delivered,Newcastle
ORD-0335,2025-02-04,SKU004,Men's Oxford Shirt,Menswear,3,26.0,0.25,19.5,58.5,Dispatched,Edinburgh
ORD-0335,2025-02-04,SKU001,Men's Slim Fit Jeans,Menswear,1,32.0,0,32.0,32.0,Dispatched,Edinburgh
ORD-0336,2025-03-15,SKU016,Men's Graphic Tee,Menswear,1,15.0,0.2,12.0,12.0,Delivered,Liverpool
ORD-0336,2025-03-15,SKU015,Women's Leather Bag,Accessories,2,65.0,0.1,58.5,117.0,Delivered,Liverpool
ORD-0337,2025-01-21,SKU004,Men's Oxford Shirt,Menswear,1,26.0,0,26.0,26.0,Cancelled,Norwich
ORD-0338,2025-03-07,SKU001,Men's Slim Fit Jeans,Menswear,4,32.0,0.1,28.8,115.2,Delivered,Yorkshire
ORD-0339,2025-02-19,SKU006,Velvet Cushion Cover,Home,3,14.0,0,14.0,42.0,Delivered,Cardiff
ORD-0339,2025-02-19,SKU002,Women's Floral Dress,Womenswear,4,45.0,0.1,40.5,162.0,Delivered,Cardiff
ORD-0339,2025-02-19,SKU018,Kids' Wellies,Footwear,3,20.0,0,20.0,60.0,Delivered,Cardiff
ORD-0340,2025-03-15,SKU017,Women's Wide Leg Trousers,Womenswear,2,34.0,0.25,25.5,51.0,Delivered,West Midlands
ORD-0341,2025-01-06,SKU003,Kids' Puffer Jacket,Childrenswear,4,28.0,0,28.0,112.0,Delivered,Edinburgh
ORD-0341,2025-01-06,SKU015,Women's Leather Bag,Accessories,3,65.0,0,65.0,195.0,Delivered,Edinburgh
ORD-0341,2025-01-06,SKU010,Scented Candle Set,Home,3,18.0,0,18.0,54.0,Delivered,Edinburgh
ORD-0341,2025-01-06,SKU018,Kids' Wellies,Footwear,2,20.0,0.2,16.0,32.0,Delivered,Edinburgh
ORD-0342,2025-02-17,SKU016,Men's Graphic Tee,Menswear,2,15.0,0,15.0,30.0,Delivered,Liverpool
ORD-0342,2025-02-17,SKU007,Men's Chino Trousers,Menswear,4,30.0,0,30.0,120.0,Delivered,Liverpool
ORD-0343,2025-01-30,SKU001,Men's Slim Fit Jeans,Menswear,4,32.0,0,32.0,128.0,Cancelled,West Midlands
ORD-0343,2025-01-30,SKU011,Women's Running Trainers,Footwear,1,52.0,0,52.0,52.0,Cancelled,West Midlands
ORD-0344,2025-03-09,SKU014,Cotton Bedding Set Double,Home,1,35.0,0,35.0,35.0,Delivered,Bristol
ORD-0344,2025-03-09,SKU016,Men's Graphic Tee,Menswear,4,15.0,0.1,13.5,54.0,Delivered,Bristol
ORD-0344,2025-03-09,SKU002,Women's Floral Dress,Womenswear,4,45.0,0,45.0,180.0,Delivered,Bristol
ORD-0344,2025-03-09,SKU005,Women's Ankle Boots,Footwear,1,58.0,0.25,43.5,43.5,Delivered,Bristol
ORD-0345,2025-01-18,SKU013,Baby Sleepsuit 3-Pack,Childrenswear,1,16.0,0.15,13.6,13.6,Returned,Norwich
ORD-0345,2025-01-18,SKU003,Kids' Puffer Jacket,Childrenswear,2,28.0,0,28.0,56.0,Returned,Norwich
ORD-0346,2025-02-07,SKU011,Women's Running Trainers,Footwear,3,52.0,0.2,41.6,124.8,Delivered,Cardiff
ORD-0347,2025-02-04,SKU007,Men's Chino Trousers,Menswear,1,30.0,0,30.0,30.0,Returned,Manchester
ORD-0348,2025-01-14,SKU015,Women's Leather Bag,Accessories,1,65.0,0.25,48.75,48.75,Dispatched,Edinburgh
ORD-0349,2025-02-15,SKU007,Men's Chino Trousers,Menswear,1,30.0,0,30.0,30.0,Delivered,Bristol
ORD-0349,2025-02-15,SKU015,Women's Leather Bag,Accessories,3,65.0,0,65.0,195.0,Delivered,Bristol
ORD-0349,2025-02-15,SKU010,Scented Candle Set,Home,2,18.0,0.1,16.2,32.4,Delivered,Bristol
ORD-0349,2025-02-15,SKU019,Faux Fur Throw,Home,2,42.0,0,42.0,84.0,Delivered,Bristol
ORD-0350,2025-02-01,SKU013,Baby Sleepsuit 3-Pack,Childrenswear,1,16.0,0.15,13.6,13.6,Delivered,Bristol
ORD-0350,2025-02-01,SKU017,Women's Wide Leg Trousers,Womenswear,4,34.0,0.25,25.5,102.0,Delivered,Bristol
ORD-0350,2025-02-01,SKU002,Women's Floral Dress,Womenswear,2,45.0,0,45.0,90.0,Delivered,Bristol
ORD-0350,2025-02-01,SKU010,Scented Candle Set,Home,4,18.0,0,18.0,72.0,Delivered,Bristol
ORD-0351,2025-01-18,SKU002,Women's Floral Dress,Womenswear,2,45.0,0.15,38.25,76.5,Delivered,Yorkshire
ORD-0352,2025-02-17,SKU003,Kids' Puffer Jacket,Childrenswear,1,28.0,0,28.0,28.0,Delivered,Norwich
ORD-0352,2025-02-17,SKU019,Faux Fur Throw,Home,1,42.0,0,42.0,42.0,Delivered,Norwich
ORD-0353,2025-03-24,SKU005,Women's Ankle Boots,Footwear,1,58.0,0,58.0,58.0,Delivered,London
ORD-0354,2025-03-01,SKU019,Faux Fur Throw,Home,4,42.0,0,42.0,168.0,Dispatched,Cardiff
ORD-0355,2025-02-18,SKU006,Velvet Cushion Cover,Home,3,14.0,0,14.0,42.0,Delivered,Yorkshire
ORD-0355,2025-02-18,SKU012,Men's Wool Coat,Menswear,4,89.0,0,89.0,356.0,Delivered,Yorkshire
ORD-0356,2025-01-05,SKU020,Men's Belt,Accessories,4,22.0,0.25,16.5,66.0,Dispatched,Bristol
ORD-0356,2025-01-05,SKU008,Women's Knit Jumper,Womenswear,4,38.0,0,38.0,152.0,Dispatched,Bristol
ORD-0357,2025-01-12,SKU005,Women's Ankle Boots,Footwear,2,58.0,0.25,43.5,87.0,Delivered,Cardiff
ORD-0358,2025-01-03,SKU012,Men's Wool Coat,Menswear,3,89.0,0.15,75.65,226.95,Returned,Edinburgh
ORD-0358,2025-01-03,SKU016,Men's Graphic Tee,Menswear,3,15.0,0,15.0,45.0,Returned,Edinburgh
ORD-0358,2025-01-03,SKU018,Kids' Wellies,Footwear,1,20.0,0.1,18.0,18.0,Returned,Edinburgh
ORD-0358,2025-01-03,SKU019,Faux Fur Throw,Home,2,42.0,0,42.0,84.0,Returned,Edinburgh
ORD-0359,2025-02-05,SKU016,Men's Graphic Tee,Menswear,2,15.0,0,15.0,30.0,Delivered,Liverpool
ORD-0360,2025-01-13,SKU008,Women's Knit Jumper,Womenswear,1,38.0,0,38.0,38.0,Processing,Bristol
ORD-0361,2025-03-15,SKU013,Baby Sleepsuit 3-Pack,Childrenswear,3,16.0,0.1,14.4,43.2,Delivered,Manchester
ORD-0361,2025-03-15,SKU012,Men's Wool Coat,Menswear,1,89.0,0.1,80.1,80.1,Delivered,Manchester
ORD-0361,2025-03-15,SKU006,Velvet Cushion Cover,Home,2,14.0,0,14.0,28.0,Delivered,Manchester
ORD-0362,2025-03-05,SKU006,Velvet Cushion Cover,Home,1,14.0,0,14.0,14.0,Delivered,West Midlands
ORD-0362,2025-03-05,SKU016,Men's Graphic Tee,Menswear,2,15.0,0,15.0,30.0,Delivered,West Midlands
ORD-0363,2025-03-09,SKU011,Women's Running Trainers,Footwear,2,52.0,0.1,46.8,93.6,Delivered,Norwich
ORD-0364,2025-01-23,SKU011,Women's Running Trainers,Footwear,2,52.0,0,52.0,104.0,Returned,Manchester
ORD-0364,2025-01-23,SKU002,Women's Floral Dress,Womenswear,3,45.0,0,45.0,135.0,Returned,Manchester
ORD-0364,2025-01-23,SKU001,Men's Slim Fit Jeans,Menswear,3,32.0,0.15,27.2,81.6,Returned,Manchester
ORD-0365,2025-03-17,SKU010,Scented Candle Set,Home,2,18.0,0.15,15.3,30.6,Delivered,Edinburgh
ORD-0366,2025-03-23,SKU011,Women's Running Trainers,Footwear,2,52.0,0.15,44.2,88.4,Cancelled,Yorkshire
ORD-0366,2025-03-23,SKU006,Velvet Cushion Cover,Home,3,14.0,0,14.0,42.0,Cancelled,Yorkshire
ORD-0366,2025-03-23,SKU018,Kids' Wellies,Footwear,2,20.0,0,20.0,40.0,Cancelled,Yorkshire
ORD-0366,2025-03-23,SKU012,Men's Wool Coat,Menswear,1,89.0,0.15,75.65,75.65,Cancelled,Yorkshire
ORD-0367,2025-03-14,SKU020,Men's Belt,Accessories,2,22.0,0,22.0,44.0,Returned,Edinburgh
ORD-0368,2025-03-05,SKU003,Kids' Puffer Jacket,Childrenswear,3,28.0,0,28.0,84.0,Delivered,Yorkshire
ORD-0369,2025-03-23,SKU003,Kids' Puffer Jacket,Childrenswear,2,28.0,0,28.0,56.0,Delivered,West Midlands
ORD-0369,2025-03-23,SKU011,Women's Running Trainers,Footwear,1,52.0,0.1,46.8,46.8,Delivered,West Midlands
ORD-0369,2025-03-23,SKU015,Women's Leather Bag,Accessories,3,65.0,0,65.0,195.0,Delivered,West Midlands
ORD-0370,2025-01-01,SKU015,Women's Leather Bag,Accessories,4,65.0,0.2,52.0,208.0,Delivered,Cardiff
ORD-0371,2025-02-18,SKU013,Baby Sleepsuit 3-Pack,Childrenswear,2,16.0,0,16.0,32.0,Dispatched,London
ORD-0372,2025-02-27,SKU002,Women's Floral Dress,Womenswear,3,45.0,0,45.0,135.0,Delivered,Bristol
ORD-0373,2025-01-14,SKU006,Velvet Cushion Cover,Home,1,14.0,0.25,10.5,10.5,Delivered,Cardiff
ORD-0374,2025-01-12,SKU020,Men's Belt,Accessories,4,22.0,0,22.0,88.0,Delivered,Newcastle
ORD-0375,2025-03-19,SKU006,Velvet Cushion Cover,Home,2,14.0,0.15,11.9,23.8,Delivered,Edinburgh
ORD-0375,2025-03-19,SKU002,Women's Floral Dress,Womenswear,3,45.0,0,45.0,135.0,Delivered,Edinburgh
ORD-0375,2025-03-19,SKU004,Men's Oxford Shirt,Menswear,3,26.0,0,26.0,78.0,Delivered,Edinburgh
ORD-0376,2025-01-13,SKU019,Faux Fur Throw,Home,2,42.0,0,42.0,84.0,Dispatched,Liverpool
ORD-0377,2025-02-16,SKU003,Kids' Puffer Jacket,Childrenswear,4,28.0,0,28.0,112.0,Cancelled,Bristol
ORD-0378,2025-01-13,SKU006,Velvet Cushion Cover,Home,4,14.0,0,14.0,56.0,Delivered,Bristol
ORD-0379,2025-02-09,SKU016,Men's Graphic Tee,Menswear,4,15.0,0,15.0,60.0,Delivered,Bristol
ORD-0379,2025-02-09,SKU020,Men's Belt,Accessories,3,22.0,0.15,18.7,56.1,Delivered,Bristol
ORD-0380,2025-02-17,SKU002,Women's Floral Dress,Womenswear,4,45.0,0,45.0,180.0,Dispatched,Bristol
ORD-0381,2025-01-29,SKU019,Faux Fur Throw,Home,3,42.0,0.25,31.5,94.5,Delivered,London
ORD-0381,2025-01-29,SKU002,Women's Floral Dress,Womenswear,4,45.0,0,45.0,180.0,Delivered,London
ORD-0381,2025-01-29,SKU005,Women's Ankle Boots,Footwear,1,58.0,0.15,49.3,49.3,Delivered,London
ORD-0382,2025-03-08,SKU018,Kids' Wellies,Footwear,2,20.0,0.2,16.0,32.0,Returned,Newcastle
ORD-0383,2025-02-08,SKU002,Women's Floral Dress,Womenswear,2,45.0,0,45.0,90.0,Returned,Liverpool
ORD-0384,2025-02-27,SKU006,Velvet Cushion Cover,Home,2,14.0,0,14.0,28.0,Delivered,Yorkshire
ORD-0385,2025-02-24,SKU014,Cotton Bedding Set Double,Home,2,35.0,0,35.0,70.0,Cancelled,Yorkshire
ORD-0386,2025-02-10,SKU003,Kids' Puffer Jacket,Childrenswear,3,28.0,0,28.0,84.0,Dispatched,Liverpool
ORD-0386,2025-02-10,SKU020,Men's Belt,Accessories,4,22.0,0,22.0,88.0,Dispatched,Liverpool
ORD-0386,2025-02-10,SKU013,Baby Sleepsuit 3-Pack,Childrenswear,4,16.0,0,16.0,64.0,Dispatched,Liverpool
ORD-0387,2025-02-23,SKU019,Faux Fur Throw,Home,1,42.0,0,42.0,42.0,Returned,Norwich
ORD-0388,2025-03-14,SKU010,Scented Candle Set,Home,3,18.0,0.15,15.3,45.9,Dispatched,Edinburgh
ORD-0388,2025-03-14,SKU018,Kids' Wellies,Footwear,4,20.0,0.2,16.0,64.0,Dispatched,Edinburgh
ORD-0389,2025-01-05,SKU013,Baby Sleepsuit 3-Pack,Childrenswear,4,16.0,0,16.0,64.0,Returned,Manchester
ORD-0390,2025-02-20,SKU011,Women's Running Trainers,Footwear,3,52.0,0,52.0,156.0,Delivered,Newcastle
ORD-0390,2025-02-20,SKU008,Women's Knit Jumper,Womenswear,3,38.0,0,38.0,114.0,Delivered,Newcastle
ORD-0390,2025-02-20,SKU002,Women's Floral Dress,Womenswear,3,45.0,0,45.0,135.0,Delivered,Newcastle
ORD-0391,2025-03-04,SKU004,Men's Oxford Shirt,Menswear,3,26.0,0,26.0,78.0,Dispatched,Bristol
ORD-0391,2025-03-04,SKU008,Women's Knit Jumper,Womenswear,4,38.0,0,38.0,152.0,Dispatched,Bristol
ORD-0391,2025-03-04,SKU005,Women's Ankle Boots,Footwear,2,58.0,0.2,46.4,92.8,Dispatched,Bristol
ORD-0392,2025-01-28,SKU014,Cotton Bedding Set Double,Home,2,35.0,0,35.0,70.0,Delivered,Edinburgh
ORD-0392,2025-01-28,SKU016,Men's Graphic Tee,Menswear,3,15.0,0.25,11.25,33.75,Delivered,Edinburgh
ORD-0392,2025-01-28,SKU017,Women's Wide Leg Trousers,Womenswear,4,34.0,0,34.0,136.0,Delivered,Edinburgh
ORD-0393,2025-03-09,SKU001,Men's Slim Fit Jeans,Menswear,2,32.0,0,32.0,64.0,Delivered,Yorkshire
ORD-0393,2025-03-09,SKU006,Velvet Cushion Cover,Home,4,14.0,0,14.0,56.0,Delivered,Yorkshire
ORD-0393,2025-03-09,SKU007,Men's Chino Trousers,Menswear,3,30.0,0,30.0,90.0,Delivered,Yorkshire
ORD-0394,2025-02-05,SKU015,Women's Leather Bag,Accessories,1,65.0,0,65.0,65.0,Dispatched,Liverpool
ORD-0395,2025-01-31,SKU020,Men's Belt,Accessories,4,22.0,0.25,16.5,66.0,Delivered,Newcastle
ORD-0396,2025-02-14,SKU009,Kids' School Polo 2-Pack,Childrenswear,1,12.0,0.15,10.2,10.2,Delivered,London
ORD-0397,2025-01-07,SKU019,Faux Fur Throw,Home,2,42.0,0,42.0,84.0,Delivered,Yorkshire
ORD-0398,2025-02-04,SKU017,Women's Wide Leg Trousers,Womenswear,2,34.0,0,34.0,68.0,Dispatched,West Midlands
ORD-0398,2025-02-04,SKU001,Men's Slim Fit Jeans,Menswear,1,32.0,0,32.0,32.0,Dispatched,West Midlands
ORD-0399,2025-02-02,SKU010,Scented Candle Set,Home,3,18.0,0.2,14.4,43.2,Dispatched,Cardiff
ORD-0399,2025-02-02,SKU009,Kids' School Polo 2-Pack,Childrenswear,3,12.0,0,12.0,36.0,Dispatched,Cardiff
ORD-0400,2025-03-01,SKU017,Women's Wide Leg Trousers,Womenswear,1,34.0,0,34.0,34.0,Dispatched,Norwich
ORD-0401,2025-03-07,SKU012,Men's Wool Coat,Menswear,1,89.0,0.1,80.1,80.1,Dispatched,London
ORD-0401,2025-03-07,SKU018,Kids' Wellies,Footwear,3,20.0,0.1,18.0,54.0,Dispatched,London
ORD-0401,2025-03-07,SKU010,Scented Candle Set,Home,3,18.0,0,18.0,54.0,Dispatched,London
ORD-0401,2025-03-07,SKU019,Faux Fur Throw,Home,3,42.0,0,42.0,126.0,Dispatched,London
ORD-0402,2025-01-20,SKU008,Women's Knit Jumper,Womenswear,3,38.0,0,38.0,114.0,Dispatched,Norwich
ORD-0402,2025-01-20,SKU002,Women's Floral Dress,Womenswear,1,45.0,0.2,36.0,36.0,Dispatched,Norwich
ORD-0403,2025-02-07,SKU014,Cotton Bedding Set Double,Home,1,35.0,0,35.0,35.0,Dispatched,Cardiff
ORD-0404,2025-02-13,SKU008,Women's Knit Jumper,Womenswear,3,38.0,0.25,28.5,85.5,Cancelled,Newcastle
ORD-0404,2025-02-13,SKU018,Kids' Wellies,Footwear,3,20.0,0,20.0,60.0,Cancelled,Newcastle
ORD-0405,2025-03-26,SKU006,Velvet Cushion Cover,Home,3,14.0,0.25,10.5,31.5,Delivered,Newcastle
ORD-0405,2025-03-26,SKU010,Scented Candle Set,Home,2,18.0,0.1,16.2,32.4,Delivered,Newcastle
ORD-0405,2025-03-26,SKU004,Men's Oxford Shirt,Menswear,1,26.0,0,26.0,26.0,Delivered,Newcastle
ORD-0406,2025-02-15,SKU010,Scented Candle Set,Home,3,18.0,0,18.0,54.0,Delivered,Cardiff
ORD-0407,2025-03-16,SKU004,Men's Oxford Shirt,Menswear,1,26.0,0.2,20.8,20.8,Delivered,Newcastle
ORD-0408,2025-01-25,SKU013,Baby Sleepsuit 3-Pack,Childrenswear,1,16.0,0,16.0,16.0,Dispatched,Bristol
ORD-0408,2025-01-25,SKU017,Women's Wide Leg Trousers,Womenswear,2,34.0,0,34.0,68.0,Dispatched,Bristol
ORD-0409,2025-02-13,SKU019,Faux Fur Throw,Home,3,42.0,0,42.0,126.0,Delivered,Newcastle
ORD-0410,2025-01-11,SKU006,Velvet Cushion Cover,Home,1,14.0,0,14.0,14.0,Cancelled,Edinburgh
ORD-0411,2025-02-27,SKU006,Velvet Cushion Cover,Home,4,14.0,0,14.0,56.0,Delivered,Norwich
ORD-0412,2025-01-17,SKU014,Cotton Bedding Set Double,Home,4,35.0,0,35.0,140.0,Dispatched,Cardiff
ORD-0412,2025-01-17,SKU013,Baby Sleepsuit 3-Pack,Childrenswear,1,16.0,0.25,12.0,12.0,Dispatched,Cardiff
ORD-0413,2025-01-26,SKU001,Men's Slim Fit Jeans,Menswear,1,32.0,0,32.0,32.0,Delivered,Liverpool
ORD-0413,2025-01-26,SKU011,Women's Running Trainers,Footwear,2,52.0,0,52.0,104.0,Delivered,Liverpool
ORD-0414,2025-03-30,SKU010,Scented Candle Set,Home,3,18.0,0,18.0,54.0,Processing,Cardiff
ORD-0414,2025-03-30,SKU005,Women's Ankle Boots,Footwear,1,58.0,0,58.0,58.0,Processing,Cardiff
ORD-0414,2025-03-30,SKU004,Men's Oxford Shirt,Menswear,3,26.0,0,26.0,78.0,Processing,Cardiff
ORD-0415,2025-02-28,SKU020,Men's Belt,Accessories,2,22.0,0.1,19.8,39.6,Dispatched,Edinburgh
ORD-0415,2025-02-28,SKU017,Women's Wide Leg Trousers,Womenswear,4,34.0,0.1,30.6,122.4,Dispatched,Edinburgh
ORD-0416,2025-01-25,SKU013,Baby Sleepsuit 3-Pack,Childrenswear,2,16.0,0,16.0,32.0,Delivered,West Midlands
ORD-0417,2025-01-28,SKU019,Faux Fur Throw,Home,3,42.0,0,42.0,126.0,Delivered,Manchester
ORD-0417,2025-01-28,SKU017,Women's Wide Leg Trousers,Womenswear,4,34.0,0,34.0,136.0,Delivered,Manchester
ORD-0418,2025-03-10,SKU020,Men's Belt,Accessories,1,22.0,0,22.0,22.0,Cancelled,London
ORD-0418,2025-03-10,SKU002,Women's Floral Dress,Womenswear,1,45.0,0.15,38.25,38.25,Cancelled,London
ORD-0419,2025-02-26,SKU018,Kids' Wellies,Footwear,2,20.0,0,20.0,40.0,Dispatched,Bristol
ORD-0420,2025-03-30,SKU001,Men's Slim Fit Jeans,Menswear,1,32.0,0.25,24.0,24.0,Cancelled,Cardiff
ORD-0420,2025-03-30,SKU010,Scented Candle Set,Home,3,18.0,0,18.0,54.0,Cancelled,Cardiff
ORD-0421,2025-02-23,SKU004,Men's Oxford Shirt,Menswear,1,26.0,0.2,20.8,20.8,Delivered,Bristol
ORD-0421,2025-02-23,SKU017,Women's Wide Leg Trousers,Womenswear,2,34.0,0,34.0,68.0,Delivered,Bristol
ORD-0421,2025-02-23,SKU020,Men's Belt,Accessories,3,22.0,0.25,16.5,49.5,Delivered,Bristol
ORD-0422,2025-01-26,SKU014,Cotton Bedding Set Double,Home,1,35.0,0.25,26.25,26.25,Delivered,Bristol
ORD-0423,2025-03-05,SKU016,Men's Graphic Tee,Menswear,1,15.0,0,15.0,15.0,Delivered,West Midlands
ORD-0423,2025-03-05,SKU011,Women's Running Trainers,Footwear,4,52.0,0,52.0,208.0,Delivered,West Midlands
ORD-0423,2025-03-05,SKU008,Women's Knit Jumper,Womenswear,1,38.0,0.25,28.5,28.5,Delivered,West Midlands
ORD-0424,2025-01-10,SKU004,Men's Oxford Shirt,Menswear,3,26.0,0,26.0,78.0,Dispatched,Yorkshire
ORD-0424,2025-01-10,SKU009,Kids' School Polo 2-Pack,Childrenswear,4,12.0,0,12.0,48.0,Dispatched,Yorkshire
ORD-0425,2025-01-13,SKU002,Women's Floral Dress,Womenswear,1,45.0,0,45.0,45.0,Dispatched,Edinburgh
ORD-0425,2025-01-13,SKU010,Scented Candle Set,Home,1,18.0,0,18.0,18.0,Dispatched,Edinburgh
ORD-0425,2025-01-13,SKU012,Men's Wool Coat,Menswear,2,89.0,0,89.0,178.0,Dispatched,Edinburgh
ORD-0426,2025-02-12,SKU015,Women's Leather Bag,Accessories,1,65.0,0.1,58.5,58.5,Delivered,Norwich
ORD-0427,2025-02-13,SKU013,Baby Sleepsuit 3-Pack,Childrenswear,3,16.0,0.15,13.6,40.8,Dispatched,Cardiff
ORD-0428,2025-03-30,SKU014,Cotton Bedding Set Double,Home,2,35.0,0,35.0,70.0,Delivered,Manchester
ORD-0428,2025-03-30,SKU006,Velvet Cushion Cover,Home,4,14.0,0.2,11.2,44.8,Delivered,Manchester
ORD-0428,2025-03-30,SKU004,Men's Oxford Shirt,Menswear,4,26.0,0,26.0,104.0,Delivered,Manchester
ORD-0429,2025-03-20,SKU012,Men's Wool Coat,Menswear,2,89.0,0.2,71.2,142.4,Delivered,Norwich
ORD-0430,2025-03-04,SKU014,Cotton Bedding Set Double,Home,1,35.0,0,35.0,35.0,Delivered,Newcastle
ORD-0431,2025-03-25,SKU017,Women's Wide Leg Trousers,Womenswear,2,34.0,0.1,30.6,61.2,Returned,Norwich
ORD-0432,2025-03-08,SKU020,Men's Belt,Accessories,2,22.0,0.2,17.6,35.2,Cancelled,Cardiff
ORD-0432,2025-03-08,SKU004,Men's Oxford Shirt,Menswear,3,26.0,0.15,22.1,66.3,Cancelled,Cardiff
ORD-0433,2025-01-20,SKU018,Kids' Wellies,Footwear,4,20.0,0.2,16.0,64.0,Processing,Manchester
ORD-0433,2025-01-20,SKU002,Women's Floral Dress,Womenswear,2,45.0,0,45.0,90.0,Processing,Manchester
ORD-0433,2025-01-20,SKU001,Men's Slim Fit Jeans,Menswear,4,32.0,0.1,28.8,115.2,Processing,Manchester
ORD-0434,2025-01-31,SKU009,Kids' School Polo 2-Pack,Childrenswear,2,12.0,0.25,9.0,18.0,Processing,West Midlands
ORD-0435,2025-03-24,SKU008,Women's Knit Jumper,Womenswear,4,38.0,0.2,30.4,121.6,Dispatched,London
ORD-0436,2025-01-12,SKU015,Women's Leather Bag,Accessories,1,65.0,0,65.0,65.0,Cancelled,Newcastle
ORD-0436,2025-01-12,SKU011,Women's Running Trainers,Footwear,4,52.0,0.15,44.2,176.8,Cancelled,Newcastle
ORD-0436,2025-01-12,SKU004,Men's Oxford Shirt,Menswear,1,26.0,0.25,19.5,19.5,Cancelled,Newcastle
ORD-0437,2025-03-12,SKU003,Kids' Puffer Jacket,Childrenswear,3,28.0,0.25,21.0,63.0,Returned,Norwich
ORD-0438,2025-03-13,SKU015,Women's Leather Bag,Accessories,1,65.0,0,65.0,65.0,Delivered,Edinburgh
ORD-0439,2025-02-28,SKU020,Men's Belt,Accessories,3,22.0,0.2,17.6,52.8,Dispatched,Norwich
ORD-0440,2025-01-15,SKU008,Women's Knit Jumper,Womenswear,3,38.0,0,38.0,114.0,Delivered,West Midlands
ORD-0441,2025-03-12,SKU004,Men's Oxford Shirt,Menswear,2,26.0,0.15,22.1,44.2,Dispatched,Manchester
ORD-0441,2025-03-12,SKU002,Women's Floral Dress,Womenswear,1,45.0,0,45.0,45.0,Dispatched,Manchester
ORD-0442,2025-03-20,SKU004,Men's Oxford Shirt,Menswear,4,26.0,0,26.0,104.0,Delivered,Cardiff
ORD-0443,2025-02-13,SKU014,Cotton Bedding Set Double,Home,1,35.0,0.2,28.0,28.0,Cancelled,West Midlands
ORD-0444,2025-02-28,SKU017,Women's Wide Leg Trousers,Womenswear,1,34.0,0.25,25.5,25.5,Delivered,Newcastle
ORD-0444,2025-02-28,SKU005,Women's Ankle Boots,Footwear,4,58.0,0.2,46.4,185.6,Delivered,Newcastle
ORD-0445,2025-03-07,SKU006,Velvet Cushion Cover,Home,1,14.0,0.15,11.9,11.9,Delivered,Manchester
ORD-0445,2025-03-07,SKU019,Faux Fur Throw,Home,3,42.0,0.25,31.5,94.5,Delivered,Manchester
ORD-0446,2025-02-19,SKU020,Men's Belt,Accessories,4,22.0,0.1,19.8,79.2,Delivered,Yorkshire
ORD-0447,2025-02-07,SKU005,Women's Ankle Boots,Footwear,3,58.0,0.25,43.5,130.5,Dispatched,Manchester
ORD-0448,2025-02-10,SKU018,Kids' Wellies,Footwear,3,20.0,0.1,18.0,54.0,Delivered,Yorkshire
ORD-0448,2025-02-10,SKU007,Men's Chino Trousers,Menswear,2,30.0,0,30.0,60.0,Delivered,Yorkshire
ORD-0449,2025-03-06,SKU011,Women's Running Trainers,Footwear,4,52.0,0.15,44.2,176.8,Processing,Edinburgh
ORD-0449,2025-03-06,SKU004,Men's Oxford Shirt,Menswear,3,26.0,0.15,22.1,66.3,Processing,Edinburgh
ORD-0450,2025-01-02,SKU001,Men's Slim Fit Jeans,Menswear,1,32.0,0,32.0,32.0,Delivered,Manchester
ORD-0450,2025-01-02,SKU013,Baby Sleepsuit 3-Pack,Childrenswear,3,16.0,0,16.0,48.0,Delivered,Manchester
ORD-0451,2025-02-06,SKU005,Women's Ankle Boots,Footwear,1,58.0,0.1,52.2,52.2,Delivered,Bristol
ORD-0451,2025-02-06,SKU002,Women's Floral Dress,Womenswear,4,45.0,0,45.0,180.0,Delivered,Bristol
ORD-0452,2025-03-20,SKU018,Kids' Wellies,Footwear,3,20.0,0,20.0,60.0,Delivered,Cardiff
ORD-0452,2025-03-20,SKU008,Women's Knit Jumper,Womenswear,4,38.0,0.15,32.3,129.2,Delivered,Cardiff
ORD-0452,2025-03-20,SKU020,Men's Belt,Accessories,4,22.0,0.1,19.8,79.2,Delivered,Cardiff
ORD-0453,2025-03-12,SKU009,Kids' School Polo 2-Pack,Childrenswear,4,12.0,0,12.0,48.0,Returned,Yorkshire
ORD-0454,2025-03-23,SKU012,Men's Wool Coat,Menswear,2,89.0,0,89.0,178.0,Returned,Liverpool
ORD-0454,2025-03-23,SKU019,Faux Fur Throw,Home,3,42.0,0.2,33.6,100.8,Returned,Liverpool
ORD-0455,2025-01-23,SKU003,Kids' Puffer Jacket,Childrenswear,1,28.0,0.15,23.8,23.8,Dispatched,London
ORD-0455,2025-01-23,SKU006,Velvet Cushion Cover,Home,3,14.0,0.25,10.5,31.5,Dispatched,London
ORD-0455,2025-01-23,SKU019,Faux Fur Throw,Home,3,42.0,0,42.0,126.0,Dispatched,London
ORD-0455,2025-01-23,SKU017,Women's Wide Leg Trousers,Womenswear,2,34.0,0,34.0,68.0,Dispatched,London
ORD-0456,2025-01-01,SKU005,Women's Ankle Boots,Footwear,3,58.0,0,58.0,174.0,Delivered,West Midlands
ORD-0457,2025-03-22,SKU010,Scented Candle Set,Home,3,18.0,0,18.0,54.0,Processing,Norwich
ORD-0457,2025-03-22,SKU016,Men's Graphic Tee,Menswear,3,15.0,0.25,11.25,33.75,Processing,Norwich
ORD-0458,2025-01-29,SKU017,Women's Wide Leg Trousers,Womenswear,4,34.0,0,34.0,136.0,Processing,Cardiff
ORD-0458,2025-01-29,SKU003,Kids' Puffer Jacket,Childrenswear,3,28.0,0,28.0,84.0,Processing,Cardiff
ORD-0458,2025-01-29,SKU020,Men's Belt,Accessories,2,22.0,0.1,19.8,39.6,Processing,Cardiff
ORD-0458,2025-01-29,SKU006,Velvet Cushion Cover,Home,3,14.0,0.1,12.6,37.8,Processing,Cardiff
ORD-0459,2025-02-07,SKU020,Men's Belt,Accessories,1,22.0,0,22.0,22.0,Dispatched,Liverpool
ORD-0460,2025-03-27,SKU008,Women's Knit Jumper,Womenswear,2,38.0,0,38.0,76.0,Returned,Norwich
ORD-0461,2025-03-29,SKU013,Baby Sleepsuit 3-Pack,Childrenswear,3,16.0,0,16.0,48.0,Processing,Bristol
ORD-0461,2025-03-29,SKU004,Men's Oxford Shirt,Menswear,3,26.0,0.25,19.5,58.5,Processing,Bristol
ORD-0461,2025-03-29,SKU020,Men's Belt,Accessories,4,22.0,0.2,17.6,70.4,Processing,Bristol
ORD-0462,2025-01-06,SKU007,Men's Chino Trousers,Menswear,1,30.0,0,30.0,30.0,Processing,Edinburgh
ORD-0463,2025-01-22,SKU018,Kids' Wellies,Footwear,2,20.0,0.15,17.0,34.0,Cancelled,Yorkshire
ORD-0463,2025-01-22,SKU020,Men's Belt,Accessories,1,22.0,0,22.0,22.0,Cancelled,Yorkshire
ORD-0463,2025-01-22,SKU001,Men's Slim Fit Jeans,Menswear,4,32.0,0,32.0,128.0,Cancelled,Yorkshire
ORD-0463,2025-01-22,SKU003,Kids' Puffer Jacket,Childrenswear,2,28.0,0,28.0,56.0,Cancelled,Yorkshire
ORD-0464,2025-02-28,SKU002,Women's Floral Dress,Womenswear,2,45.0,0,45.0,90.0,Delivered,London
ORD-0464,2025-02-28,SKU003,Kids' Puffer Jacket,Childrenswear,1,28.0,0,28.0,28.0,Delivered,London
ORD-0465,2025-02-03,SKU015,Women's Leather Bag,Accessories,3,65.0,0,65.0,195.0,Dispatched,Cardiff
ORD-0466,2025-02-19,SKU018,Kids' Wellies,Footwear,1,20.0,0,20.0,20.0,Delivered,Norwich
ORD-0466,2025-02-19,SKU001,Men's Slim Fit Jeans,Menswear,3,32.0,0.25,24.0,72.0,Delivered,Norwich
ORD-0467,2025-01-14,SKU010,Scented Candle Set,Home,3,18.0,0.2,14.4,43.2,Delivered,Norwich
ORD-0468,2025-02-18,SKU001,Men's Slim Fit Jeans,Menswear,2,32.0,0,32.0,64.0,Delivered,Newcastle
ORD-0469,2025-02-20,SKU018,Kids' Wellies,Footwear,3,20.0,0,20.0,60.0,Delivered,Manchester
ORD-0469,2025-02-20,SKU010,Scented Candle Set,Home,2,18.0,0,18.0,36.0,Delivered,Manchester
ORD-0470,2025-01-06,SKU020,Men's Belt,Accessories,1,22.0,0,22.0,22.0,Processing,Cardiff
ORD-0471,2025-01-27,SKU012,Men's Wool Coat,Menswear,2,89.0,0,89.0,178.0,Cancelled,Cardiff
ORD-0471,2025-01-27,SKU007,Men's Chino Trousers,Menswear,2,30.0,0,30.0,60.0,Cancelled,Cardiff
ORD-0472,2025-03-20,SKU007,Men's Chino Trousers,Menswear,4,30.0,0.25,22.5,90.0,Delivered,Norwich
ORD-0472,2025-03-20,SKU004,Men's Oxford Shirt,Menswear,1,26.0,0,26.0,26.0,Delivered,Norwich
ORD-0472,2025-03-20,SKU006,Velvet Cushion Cover,Home,1,14.0,0,14.0,14.0,Delivered,Norwich
ORD-0473,2025-01-13,SKU019,Faux Fur Throw,Home,3,42.0,0,42.0,126.0,Delivered,Newcastle
ORD-0474,2025-03-27,SKU004,Men's Oxford Shirt,Menswear,2,26.0,0.1,23.4,46.8,Delivered,Norwich
ORD-0474,2025-03-27,SKU010,Scented Candle Set,Home,4,18.0,0.2,14.4,57.6,Delivered,Norwich
ORD-0475,2025-02-12,SKU010,Scented Candle Set,Home,3,18.0,0.1,16.2,48.6,Returned,Manchester
ORD-0475,2025-02-12,SKU019,Faux Fur Throw,Home,4,42.0,0,42.0,168.0,Returned,Manchester
ORD-0476,2025-01-01,SKU008,Women's Knit Jumper,Womenswear,3,38.0,0,38.0,114.0,Delivered,Cardiff
ORD-0477,2025-03-28,SKU016,Men's Graphic Tee,Menswear,3,15.0,0.2,12.0,36.0,Delivered,Newcastle
ORD-0477,2025-03-28,SKU015,Women's Leather Bag,Accessories,1,65.0,0,65.0,65.0,Delivered,Newcastle
ORD-0478,2025-03-24,SKU009,Kids' School Polo 2-Pack,Childrenswear,3,12.0,0,12.0,36.0,Delivered,Liverpool
ORD-0478,2025-03-24,SKU005,Women's Ankle Boots,Footwear,1,58.0,0,58.0,58.0,Delivered,Liverpool
ORD-0479,2025-03-06,SKU019,Faux Fur Throw,Home,2,42.0,0,42.0,84.0,Returned,Cardiff
ORD-0479,2025-03-06,SKU020,Men's Belt,Accessories,3,22.0,0.25,16.5,49.5,Returned,Cardiff
ORD-0480,2025-03-11,SKU005,Women's Ankle Boots,Footwear,2,58.0,0,58.0,116.0,Dispatched,Edinburgh
ORD-0481,2025-01-18,SKU017,Women's Wide Leg Trousers,Womenswear,3,34.0,0.25,25.5,76.5,Dispatched,London
ORD-0482,2025-01-02,SKU020,Men's Belt,Accessories,4,22.0,0,22.0,88.0,Delivered,Liverpool
ORD-0482,2025-01-02,SKU006,Velvet Cushion Cover,Home,2,14.0,0,14.0,28.0,Delivered,Liverpool
ORD-0483,2025-03-03,SKU002,Women's Floral Dress,Womenswear,3,45.0,0.1,40.5,121.5,Delivered,Yorkshire
ORD-0483,2025-03-03,SKU008,Women's Knit Jumper,Womenswear,2,38.0,0,38.0,76.0,Delivered,Yorkshire
ORD-0483,2025-03-03,SKU016,Men's Graphic Tee,Menswear,2,15.0,0.25,11.25,22.5,Delivered,Yorkshire
ORD-0484,2025-02-16,SKU015,Women's Leather Bag,Accessories,3,65.0,0,65.0,195.0,Delivered,West Midlands
ORD-0485,2025-03-08,SKU009,Kids' School Polo 2-Pack,Childrenswear,2,12.0,0.15,10.2,20.4,Processing,Norwich
ORD-0485,2025-03-08,SKU020,Men's Belt,Accessories,4,22.0,0.1,19.8,79.2,Processing,Norwich
ORD-0486,2025-03-17,SKU003,Kids' Puffer Jacket,Childrenswear,2,28.0,0.25,21.0,42.0,Dispatched,Bristol
ORD-0486,2025-03-17,SKU017,Women's Wide Leg Trousers,Womenswear,4,34.0,0.1,30.6,122.4,Dispatched,Bristol
ORD-0487,2025-02-14,SKU016,Men's Graphic Tee,Menswear,2,15.0,0.2,12.0,24.0,Delivered,Norwich
ORD-0488,2025-01-22,SKU017,Women's Wide Leg Trousers,Womenswear,2,34.0,0,34.0,68.0,Delivered,Bristol
ORD-0489,2025-01-21,SKU004,Men's Oxford Shirt,Menswear,3,26.0,0,26.0,78.0,Dispatched,Yorkshire
ORD-0490,2025-03-03,SKU016,Men's Graphic Tee,Menswear,4,15.0,0,15.0,60.0,Delivered,Norwich
ORD-0490,2025-03-03,SKU007,Men's Chino Trousers,Menswear,2,30.0,0,30.0,60.0,Delivered,Norwich
ORD-0491,2025-01-17,SKU006,Velvet Cushion Cover,Home,2,14.0,0,14.0,28.0,Delivered,Liverpool
ORD-0491,2025-01-17,SKU005,Women's Ankle Boots,Footwear,2,58.0,0,58.0,116.0,Delivered,Liverpool
ORD-0492,2025-01-24,SKU013,Baby Sleepsuit 3-Pack,Childrenswear,3,16.0,0,16.0,48.0,Cancelled,West Midlands
ORD-0492,2025-01-24,SKU019,Faux Fur Throw,Home,2,42.0,0.2,33.6,67.2,Cancelled,West Midlands
ORD-0493,2025-03-19,SKU016,Men's Graphic Tee,Menswear,2,15.0,0.25,11.25,22.5,Delivered,Norwich
ORD-0493,2025-03-19,SKU006,Velvet Cushion Cover,Home,3,14.0,0,14.0,42.0,Delivered,Norwich
ORD-0493,2025-03-19,SKU008,Women's Knit Jumper,Womenswear,3,38.0,0.2,30.4,91.2,Delivered,Norwich
ORD-0493,2025-03-19,SKU014,Cotton Bedding Set Double,Home,1,35.0,0,35.0,35.0,Delivered,Norwich
ORD-0494,2025-02-18,SKU004,Men's Oxford Shirt,Menswear,4,26.0,0,26.0,104.0,Delivered,West Midlands
ORD-0495,2025-03-19,SKU016,Men's Graphic Tee,Menswear,1,15.0,0.25,11.25,11.25,Returned,Norwich
ORD-0496,2025-03-06,SKU003,Kids' Puffer Jacket,Childrenswear,1,28.0,0.15,23.8,23.8,Returned,Manchester
ORD-0496,2025-03-06,SKU016,Men's Graphic Tee,Menswear,4,15.0,0.1,13.5,54.0,Returned,Manchester
ORD-0497,2025-01-06,SKU014,Cotton Bedding Set Double,Home,3,35.0,0,35.0,105.0,Dispatched,Newcastle
ORD-0497,2025-01-06,SKU008,Women's Knit Jumper,Womenswear,4,38.0,0,38.0,152.0,Dispatched,Newcastle
ORD-0498,2025-02-02,SKU008,Women's Knit Jumper,Womenswear,4,38.0,0,38.0,152.0,Delivered,London
ORD-0499,2025-01-25,SKU001,Men's Slim Fit Jeans,Menswear,1,32.0,0.25,24.0,24.0,Processing,Norwich
ORD-0500,2025-01-01,SKU007,Men's Chino Trousers,Menswear,3,30.0,0,30.0,90.0,Dispatched,Edinburgh
